20:32:06,361,181
20:32:07,379,239
20:32:08,383,243
20:32:09,406,262
20:32:10,409,273
20:32:11,421,266
20:32:12,367,241
20:32:13,376,236
20:32:14,345,243
20:32:15,371,243
20:32:16,375,256
20:32:17,376,232
20:32:18,378,247
20:32:19,414,256
20:32:20,404,257
20:32:21,443,283
20:32:22,393,253
20:32:23,368,236
20:32:24,390,260
20:32:25,363,250
20:32:26,425,275
20:32:27,388,255
20:32:28,397,258
20:32:29,408,252
20:32:30,438,261
20:32:31,399,255
20:32:32,407,248
20:32:33,410,253
20:32:34,407,252
20:32:35,376,244
20:32:36,391,254
20:32:37,432,263
20:32:38,361,259
20:32:39,404,260
20:32:40,389,250
20:32:41,375,243
20:32:42,397,250
20:32:43,405,255
20:32:44,384,260
20:32:45,367,240
20:32:46,371,239
20:32:47,375,244
20:32:48,410,261
20:32:49,361,238
20:32:50,386,240
20:32:51,388,253
20:32:52,406,252
20:32:53,423,260
20:32:54,394,253
20:32:55,388,252
20:32:56,381,262
20:32:57,386,255
20:32:58,419,263
20:32:59,362,253
20:33:00,404,271
20:33:01,403,251
20:33:02,422,262
20:33:03,399,258
20:33:04,426,265
20:33:05,414,244
20:33:06,449,276
20:33:07,389,253
20:33:08,385,248
20:33:09,392,259
20:33:10,407,244
20:33:11,426,263
20:33:12,403,249
20:33:13,353,232
20:33:14,397,256
20:33:15,428,277
20:33:16,407,257
20:33:17,372,242
20:33:18,406,257
20:33:19,412,255
20:33:20,383,244
20:33:21,403,243
20:33:22,373,259
20:33:23,400,247
20:33:24,394,241
20:33:25,371,243
20:33:26,348,236
20:33:27,391,253
20:33:28,377,239
20:33:29,368,236
20:33:30,331,226
20:33:31,353,242
20:33:32,369,257
20:33:33,403,259
20:33:34,396,240
20:33:35,381,230
20:33:36,405,249
20:33:37,388,246
20:33:38,427,262
20:33:39,358,237
20:33:40,370,229
20:33:41,350,230
20:33:42,399,247
20:33:43,414,253
20:33:44,415,267
20:33:45,369,251
20:33:46,382,250
20:33:47,410,264
20:33:48,406,259
20:33:49,407,264
20:33:50,426,287
20:33:51,434,269
20:33:52,428,259
20:33:53,442,275
20:33:54,431,266
20:33:55,414,274
20:33:56,394,257
20:33:57,404,263
20:33:58,382,262
20:33:59,379,259
20:34:00,384,252
20:34:01,374,244
20:34:02,346,242
20:34:03,376,254
20:34:04,326,241
20:34:05,388,262
20:34:06,388,256
20:34:07,370,247
20:34:08,381,263
20:34:09,416,254
20:34:10,413,266
20:34:11,382,261
20:34:12,379,261
20:34:13,405,257
20:34:14,377,263
20:34:15,431,269
20:34:16,387,258
20:34:17,368,248
20:34:18,373,242
20:34:19,362,243
20:34:20,375,252
20:34:21,377,241
20:34:22,361,224
20:34:23,367,253
20:34:24,383,255
20:34:25,337,228
20:34:26,366,261
20:34:27,370,257
20:34:28,333,237
20:34:29,358,234
20:34:30,348,240
20:34:31,334,223
20:34:32,372,236
20:34:33,347,240
20:34:34,382,254
20:34:35,372,250
20:34:36,385,239
20:34:37,380,242
20:34:38,354,240
20:34:39,344,235
20:34:40,347,243
20:34:41,378,262
20:34:42,368,247
20:34:43,407,269
20:34:44,387,250
20:34:45,398,246
20:34:46,447,267
20:34:47,367,232
20:34:48,405,249
20:34:49,402,265
20:34:50,367,230
20:34:51,397,255
20:34:52,386,266
20:34:53,414,279
20:34:54,391,244
20:34:55,377,258
20:34:56,417,277
20:34:57,408,246
20:34:58,417,267
20:34:59,391,239
20:35:00,432,270
20:35:01,454,264
20:35:02,432,270
20:35:03,355,238
20:35:04,398,249
20:35:05,388,254
20:35:06,368,246
20:35:07,410,264
20:35:08,430,274
20:35:09,402,264
20:35:10,380,260
20:35:11,385,249
20:35:12,356,232
20:35:13,415,268
20:35:14,433,258
20:35:15,404,251
20:35:16,390,259
20:35:17,387,249
20:35:18,367,245
20:35:19,416,252
20:35:20,440,274
20:35:21,405,261
20:35:22,377,249
20:35:23,372,234
20:35:24,397,250
20:35:25,412,249
20:35:26,387,252
20:35:27,372,250
20:35:28,380,249
20:35:29,385,251
20:35:30,432,291
20:35:31,369,242
20:35:32,397,266
20:35:33,372,250
20:35:34,334,231
20:35:35,397,266
20:35:36,417,274
20:35:37,404,276
20:35:38,358,251
20:35:39,403,270
20:35:40,363,246
20:35:41,396,253
20:35:42,415,259
20:35:43,426,263
20:35:44,458,259
20:35:45,421,253
20:35:46,382,255
20:35:47,404,254
20:35:48,420,263
20:35:49,389,274
20:35:50,339,235
20:35:51,421,269
20:35:52,407,265
20:35:53,461,282
20:35:54,396,263
20:35:55,431,267
20:35:56,474,298
20:35:57,399,248
20:35:58,460,288
20:35:59,416,278
20:36:00,420,271
20:36:01,385,252
20:36:02,409,281
20:36:03,382,272
20:36:04,442,273
20:36:05,413,272
20:36:06,421,273
20:36:07,405,253
20:36:08,389,266
20:36:09,390,250
20:36:10,375,237
20:36:11,403,259
20:36:12,379,244
20:36:13,415,267
20:36:14,407,265
20:36:15,412,249
20:36:16,407,269
20:36:17,446,288
20:36:18,425,269
20:36:19,409,250
20:36:20,382,261
20:36:21,393,257
20:36:22,392,262
20:36:23,363,228
20:36:24,389,266
20:36:25,373,252
20:36:26,378,257
20:36:27,362,230
20:36:28,426,256
20:36:29,373,247
20:36:30,409,256
20:36:31,422,272
20:36:32,395,255
20:36:33,381,254
20:36:34,409,260
20:36:35,379,253
20:36:36,429,267
20:36:37,386,251
20:36:38,358,239
20:36:39,369,243
20:36:40,400,252
20:36:41,371,248
20:36:42,329,228
20:36:43,396,264
20:36:44,450,275
20:36:45,399,246
20:36:46,380,255
20:36:47,370,243
20:36:48,350,231
20:36:49,400,259
20:36:50,410,256
20:36:51,440,284
20:36:52,368,244
20:36:53,398,273
20:36:54,409,270
20:36:55,372,255
20:36:56,381,256
20:36:57,389,273
20:36:58,409,265
20:36:59,450,296
20:37:00,403,272
20:37:01,411,249
20:37:02,415,268
20:37:03,389,257
20:37:04,370,244
20:37:05,428,276
20:37:06,467,288
20:37:07,455,281
20:37:08,446,274
20:37:09,420,278
20:37:10,432,277
20:37:11,426,262
20:37:12,404,261
20:37:13,401,259
20:37:14,428,269
20:37:15,409,258
20:37:16,432,265
20:37:17,400,267
20:37:18,380,235
20:37:19,389,257
20:37:20,360,253
20:37:21,387,259
20:37:22,393,266
20:37:23,379,251
20:37:24,459,281
20:37:25,412,256
20:37:26,382,245
20:37:27,392,256
20:37:28,398,251
20:37:29,409,266
20:37:30,461,269
20:37:31,447,289
20:37:32,405,258
20:37:33,420,273
20:37:34,407,265
20:37:35,413,270
20:37:36,439,270
20:37:37,414,264
20:37:38,400,265
20:37:39,405,273
20:37:40,443,285
20:37:41,422,273
20:37:42,458,286
20:37:43,423,263
20:37:44,429,271
20:37:45,406,254
20:37:46,432,281
20:37:47,432,266
20:37:48,418,255
20:37:49,420,280
20:37:50,439,277
20:37:51,443,263
20:37:52,412,267
20:37:53,412,279
20:37:54,375,247
20:37:55,453,296
20:37:56,401,256
20:37:57,441,279
20:37:58,433,280
20:37:59,450,277
20:38:00,444,275
20:38:01,455,275
20:38:02,418,271
20:38:03,407,244
20:38:04,405,250
20:38:05,357,241
20:38:06,340,245
20:38:07,366,234
20:38:08,373,260
20:38:09,405,257
20:38:10,435,271
20:38:11,427,267
20:38:12,406,255
20:38:13,432,275
20:38:14,414,260
20:38:15,413,258
20:38:16,428,288
20:38:17,463,260
20:38:18,479,263
20:38:19,404,255
20:38:20,445,266
20:38:21,400,256
20:38:22,420,266
20:38:23,404,267
20:38:24,420,270
20:38:25,417,259
20:38:26,394,256
20:38:27,380,250
20:38:28,398,260
20:38:29,415,253
20:38:30,425,278
20:38:31,426,262
20:38:32,401,256
20:38:33,421,273
20:38:34,367,253
20:38:35,390,248
20:38:36,404,239
20:38:37,359,237
20:38:38,403,265
20:38:39,376,246
20:38:40,381,247
20:38:41,364,233
20:38:42,373,255
20:38:43,353,217
20:38:44,414,241
20:38:45,386,235
20:38:46,437,253
20:38:47,391,240
20:38:48,404,243
20:38:49,429,255
20:38:50,456,277
20:38:51,404,248
20:38:52,397,262
20:38:53,403,250
20:38:54,424,264
20:38:55,444,272
20:38:56,429,276
20:38:57,358,235
20:38:58,380,261
20:38:59,414,275
20:39:00,387,246
20:39:01,402,268
20:39:02,371,257
20:39:03,392,256
20:39:04,367,234
20:39:05,404,264
20:39:06,371,256
20:39:07,383,251
20:39:08,393,272
20:39:09,346,236
20:39:10,369,240
20:39:11,336,220
20:39:12,409,242
20:39:13,392,243
20:39:14,380,252
20:39:15,397,257
20:39:16,340,227
20:39:17,354,249
20:39:18,370,258
20:39:19,411,242
20:39:20,384,252
20:39:21,389,238
20:39:22,414,255
20:39:23,419,262
20:39:24,458,251
20:39:25,421,265
20:39:26,426,259
20:39:27,452,281
20:39:28,429,265
20:39:29,412,274
20:39:30,399,256
20:39:31,419,266
20:39:32,422,271
20:39:33,426,268
20:39:34,449,264
20:39:35,458,278
20:39:36,451,294
20:39:37,425,256
20:39:38,434,278
20:39:39,424,275
20:39:40,416,262
20:39:41,457,271
20:39:42,465,292
20:39:43,467,271
20:39:44,457,280
20:39:45,384,243
20:39:46,416,279
20:39:47,455,288
20:39:48,408,256
20:39:49,449,281
20:39:50,427,273
20:39:51,427,282
20:39:52,426,268
20:39:53,388,262
20:39:54,396,268
20:39:55,398,258
20:39:56,393,259
20:39:57,423,258
20:39:58,447,281
20:39:59,394,260
20:40:00,400,260
20:40:01,408,282
20:40:02,436,271
20:40:03,445,285
20:40:04,470,284
20:40:05,447,275
20:40:06,431,276
20:40:07,447,289
20:40:08,424,279
20:40:09,414,264
20:40:10,406,277
20:40:11,400,256
20:40:12,418,267
20:40:13,373,226
20:40:14,388,263
20:40:15,357,242
20:40:16,358,249
20:40:17,434,267
20:40:18,402,236
20:40:19,372,233
20:40:20,414,257
20:40:21,401,260
20:40:22,398,236
20:40:23,385,247
20:40:24,355,215
20:40:25,377,237
20:40:26,418,261
20:40:27,395,255
20:40:28,376,232
20:40:29,391,267
20:40:30,366,262
20:40:31,392,253
20:40:32,406,265
20:40:33,433,283
20:40:34,393,266
20:40:35,387,269
20:40:36,374,251
20:40:37,426,279
20:40:38,419,269
20:40:39,408,251
20:40:40,400,272
20:40:41,400,258
20:40:42,412,260
20:40:43,381,266
20:40:44,384,243
20:40:45,453,265
20:40:46,402,258
20:40:47,407,253
20:40:48,398,250
20:40:49,444,279
20:40:50,422,249
20:40:51,410,254
20:40:52,407,257
20:40:53,392,266
20:40:54,402,227
20:40:55,349,234
20:40:56,390,242
20:40:57,431,257
20:40:58,387,242
20:40:59,423,269
20:41:00,403,272
20:41:01,457,283
20:41:02,414,254
20:41:03,402,241
20:41:04,420,259
20:41:05,450,269
20:41:06,370,233
20:41:07,380,227
20:41:08,402,236
20:41:09,418,258
20:41:10,425,254
20:41:11,400,253
20:41:12,414,269
20:41:13,391,257
20:41:14,416,262
20:41:15,376,246
20:41:16,418,257
20:41:17,403,250
20:41:18,374,244
20:41:19,441,259
20:41:20,432,263
20:41:21,378,249
20:41:22,406,262
20:41:23,395,259
20:41:24,418,273
20:41:25,461,279
20:41:26,423,268
20:41:27,390,262
20:41:28,428,267
20:41:29,417,271
20:41:30,382,246
20:41:31,402,272
20:41:32,426,277
20:41:33,451,282
20:41:34,463,287
20:41:35,458,280
20:41:36,429,280
20:41:37,459,285
20:41:38,433,274
20:41:39,404,269
20:41:40,406,276
20:41:41,436,284
20:41:42,421,277
20:41:43,449,294
20:41:44,453,301
20:41:45,400,270
20:41:46,455,291
20:41:47,452,285
20:41:48,402,264
20:41:49,398,260
20:41:50,450,296
20:41:51,414,279
20:41:52,480,294
20:41:53,439,285
20:41:54,413,272
20:41:55,406,260
20:41:56,430,270
20:41:57,430,282
20:41:58,391,258
20:41:59,440,283
20:42:00,394,254
20:42:01,419,266
20:42:02,443,274
20:42:03,418,254
20:42:04,407,249
20:42:05,437,267
20:42:06,467,279
20:42:07,449,291
20:42:08,418,265
20:42:09,443,292
20:42:10,431,269
20:42:11,428,265
20:42:12,437,282
20:42:13,454,292
20:42:14,431,274
20:42:15,409,267
20:42:16,396,247
20:42:17,464,295
20:42:18,454,277
20:42:19,522,286
20:42:20,449,289
20:42:21,430,266
20:42:22,434,272
20:42:23,414,271
20:42:24,421,261
20:42:25,429,274
20:42:26,399,258
20:42:27,412,257
20:42:28,376,241
20:42:29,427,268
20:42:30,420,278
20:42:31,426,271
20:42:32,389,253
20:42:33,405,251
20:42:34,411,273
20:42:35,398,256
20:42:36,378,245
20:42:37,422,276
20:42:38,459,278
20:42:39,457,282
20:42:40,460,275
20:42:41,458,274
20:42:42,445,279
20:42:43,450,265
20:42:44,447,286
20:42:45,436,266
20:42:46,416,255
20:42:47,455,301
20:42:48,469,282
20:42:49,472,275
20:42:50,397,255
20:42:51,391,260
20:42:52,467,292
20:42:53,433,280
20:42:54,410,270
20:42:55,397,259
20:42:56,422,276
20:42:57,390,243
20:42:58,467,273
20:42:59,465,257
20:43:00,418,261
20:43:01,413,262
20:43:02,420,261
20:43:03,435,277
20:43:04,441,280
20:43:05,440,283
20:43:06,436,268
20:43:07,458,284
20:43:08,417,263
20:43:09,429,274
20:43:10,411,265
20:43:11,440,281
20:43:12,464,285
20:43:13,464,277
20:43:14,462,294
20:43:15,411,256
20:43:16,432,260
20:43:17,361,255
20:43:18,375,238
20:43:19,428,271
20:43:20,420,267
20:43:21,407,256
20:43:22,445,270
20:43:23,382,244
20:43:24,405,255
20:43:25,399,266
20:43:26,375,247
20:43:27,403,267
20:43:28,384,242
20:43:29,393,252
20:43:30,393,248
20:43:31,418,264
20:43:32,440,281
20:43:33,422,264
20:43:34,378,254
20:43:35,411,275
20:43:36,421,266
20:43:37,425,273
20:43:38,394,264
20:43:39,445,280
20:43:40,419,252
20:43:41,399,266
20:43:42,391,235
20:43:43,386,250
20:43:44,414,264
20:43:45,411,258
20:43:46,437,282
20:43:47,422,261
20:43:48,376,252
20:43:49,355,246
20:43:50,380,246
20:43:51,392,259
20:43:52,430,285
20:43:53,406,254
20:43:54,459,262
20:43:55,411,271
20:43:56,391,250
20:43:57,394,256
20:43:58,395,265
20:43:59,380,247
20:44:00,392,251
20:44:01,413,286
20:44:02,390,249
20:44:03,421,259
20:44:04,399,243
20:44:05,392,258
20:44:06,408,261
20:44:07,419,275
20:44:08,384,252
20:44:09,387,248
20:44:10,395,272
20:44:11,424,251
20:44:12,413,260
20:44:13,436,286
20:44:14,449,280
20:44:15,478,280
20:44:16,477,303
20:44:17,440,266
20:44:18,459,291
20:44:19,440,265
20:44:20,472,278
20:44:21,472,292
20:44:22,434,267
20:44:23,455,298
20:44:24,424,275
20:44:25,415,258
20:44:26,380,254
20:44:27,399,265
20:44:28,416,262
20:44:29,414,269
20:44:30,416,261
20:44:31,427,263
20:44:32,439,267
20:44:33,428,272
20:44:34,402,263
20:44:35,354,240
20:44:36,371,253
20:44:37,387,249
20:44:38,410,274
20:44:39,409,287
20:44:40,443,279
20:44:41,441,284
20:44:42,434,275
20:44:43,420,264
20:44:44,397,265
20:44:45,443,292
20:44:46,394,258
20:44:47,399,262
20:44:48,373,251
20:44:49,377,257
20:44:50,404,262
20:44:51,408,259
20:44:52,363,231
20:44:53,403,260
20:44:54,343,236
20:44:55,424,269
20:44:56,380,245
20:44:57,394,267
20:44:58,403,271
20:44:59,434,286
20:45:00,429,277
20:45:01,438,277
20:45:02,437,271
20:45:03,469,275
20:45:04,442,272
20:45:05,392,250
20:45:06,398,253
20:45:07,390,271
20:45:08,390,260
20:45:09,400,256
20:45:10,400,252
20:45:11,406,261
20:45:12,469,282
20:45:13,422,268
20:45:14,434,264
20:45:15,357,238
20:45:16,403,241
20:45:17,418,257
20:45:18,409,248
20:45:19,372,236
20:45:20,401,253
20:45:21,359,238
20:45:22,382,249
20:45:23,427,255
20:45:24,378,251
20:45:25,424,250
20:45:26,408,236
20:45:27,413,262
20:45:28,381,246
20:45:29,383,254
20:45:30,431,279
20:45:31,425,266
20:45:32,434,277
20:45:33,387,240
20:45:34,392,245
20:45:35,419,263
20:45:36,411,263
20:45:37,401,267
20:45:38,447,256
20:45:39,436,283
20:45:40,450,277
20:45:41,430,263
20:45:42,425,285
20:45:43,395,245
20:45:44,427,280
20:45:45,377,236
20:45:46,426,272
20:45:47,417,262
20:45:48,429,280
20:45:49,437,272
20:45:50,417,273
20:45:51,435,270
20:45:52,374,257
20:45:53,371,260
20:45:54,390,256
20:45:55,416,262
20:45:56,415,277
20:45:57,417,267
20:45:58,420,268
20:45:59,411,275
20:46:00,438,281
20:46:01,406,270
20:46:02,420,261
20:46:03,435,270
20:46:04,419,267
20:46:05,460,276
20:46:06,429,261
20:46:07,422,266
20:46:08,401,255
20:46:09,422,268
20:46:10,407,254
20:46:11,460,275
20:46:12,459,281
20:46:13,484,290
20:46:14,429,268
20:46:15,441,290
20:46:16,474,286
20:46:17,467,281
20:46:18,524,296
20:46:19,440,299
20:46:20,450,302
20:46:21,506,300
20:46:22,426,273
20:46:23,452,286
20:46:24,455,300
20:46:25,416,270
20:46:26,412,260
20:46:27,433,269
20:46:28,440,282
20:46:29,411,271
20:46:30,449,289
20:46:31,411,258
20:46:32,469,305
20:46:33,458,280
20:46:34,463,289
20:46:35,429,285
20:46:36,441,293
20:46:37,440,276
20:46:38,458,300
20:46:39,413,268
20:46:40,430,282
20:46:41,401,277
20:46:42,464,301
20:46:43,431,274
20:46:44,415,276
20:46:45,385,251
20:46:46,443,280
20:46:47,435,259
20:46:48,414,263
20:46:49,456,292
20:46:50,439,266
20:46:51,405,266
20:46:52,394,262
20:46:53,413,267
20:46:54,392,261
20:46:55,430,271
20:46:56,415,268
20:46:57,435,282
20:46:58,467,284
20:46:59,440,262
20:47:00,417,264
20:47:01,423,257
20:47:02,466,277
20:47:03,462,291
20:47:04,439,280
20:47:05,423,251
20:47:06,441,278
20:47:07,405,254
20:47:08,455,292
20:47:09,474,273
20:47:10,464,286
20:47:11,455,270
20:47:12,445,271
20:47:13,515,291
20:47:14,436,270
20:47:15,446,272
20:47:16,440,280
20:47:17,506,296
20:47:18,470,285
20:47:19,425,276
20:47:20,376,252
20:47:21,399,269
20:47:22,459,288
20:47:23,432,273
20:47:24,441,279
20:47:25,420,276
20:47:26,441,270
20:47:27,453,269
20:47:28,398,266
20:47:29,416,270
20:47:30,411,269
20:47:31,436,275
20:47:32,415,258
20:47:33,443,283
20:47:34,435,279
20:47:35,445,274
20:47:36,445,279
20:47:37,441,274
20:47:38,433,274
20:47:39,458,286
20:47:40,436,291
20:47:41,410,276
20:47:42,428,263
20:47:43,435,280
20:47:44,456,303
20:47:45,463,273
20:47:46,419,268
20:47:47,412,298
20:47:48,425,260
20:47:49,461,292
20:47:50,424,271
20:47:51,433,279
20:47:52,443,274
20:47:53,443,281
20:47:54,453,270
20:47:55,426,262
20:47:56,406,256
20:47:57,453,275
20:47:58,412,265
20:47:59,445,281
20:48:00,447,287
20:48:01,441,261
20:48:02,443,279
20:48:03,434,278
20:48:04,507,305
20:48:05,439,276
20:48:06,451,281
20:48:07,426,269
20:48:08,422,265
20:48:09,428,297
20:48:10,435,269
20:48:11,429,276
20:48:12,450,277
20:48:13,486,292
20:48:14,506,291
20:48:15,454,283
20:48:16,387,273
20:48:17,468,298
20:48:18,461,293
20:48:19,497,323
20:48:20,421,276
20:48:21,443,286
20:48:22,445,271
20:48:23,460,272
20:48:24,477,291
20:48:25,453,273
20:48:26,423,270
20:48:27,429,288
20:48:28,422,274
20:48:29,420,264
20:48:30,429,261
20:48:31,436,274
20:48:32,440,267
20:48:33,446,291
20:48:34,422,270
20:48:35,429,273
20:48:36,443,280
20:48:37,431,277
20:48:38,431,265
20:48:39,425,281
20:48:40,431,276
20:48:41,449,292
20:48:42,445,296
20:48:43,365,257
20:48:44,384,259
20:48:45,406,270
20:48:46,444,272
20:48:47,422,275
20:48:48,428,285
20:48:49,412,272
20:48:50,414,267
20:48:51,406,265
20:48:52,388,240
20:48:53,452,284
20:48:54,427,267
20:48:55,443,256
20:48:56,443,276
20:48:57,465,285
20:48:58,473,297
20:48:59,446,277
20:49:00,444,269
20:49:01,427,264
20:49:02,378,266
20:49:03,402,262
20:49:04,424,279
20:49:05,480,300
20:49:06,418,271
20:49:07,438,273
20:49:08,442,287
20:49:09,428,285
20:49:10,464,285
20:49:11,513,326
20:49:12,476,296
20:49:13,510,292
20:49:14,512,310
20:49:15,476,300
20:49:16,509,313
20:49:17,461,292
20:49:18,454,298
20:49:19,457,287
20:49:20,497,292
20:49:21,542,290
20:49:22,497,280
20:49:23,520,299
20:49:24,445,277
20:49:25,432,295
20:49:26,416,261
20:49:27,401,262
20:49:28,452,280
20:49:29,470,301
20:49:30,434,267
20:49:31,418,267
20:49:32,480,288
20:49:33,476,290
20:49:34,453,287
20:49:35,463,278
20:49:36,459,284
20:49:37,422,277
20:49:38,394,275
20:49:39,457,291
20:49:40,394,249
20:49:41,442,265
20:49:42,406,264
20:49:43,462,287
20:49:44,441,277
20:49:45,396,260
20:49:46,428,277
20:49:47,427,264
20:49:48,451,262
20:49:49,477,271
20:49:50,456,274
20:49:51,399,269
20:49:52,454,288
20:49:53,431,269
20:49:54,470,294
20:49:55,426,265
20:49:56,462,288
20:49:57,420,255
20:49:58,502,304
20:49:59,440,275
20:50:00,412,270
20:50:01,460,287
20:50:02,460,264
20:50:03,447,275
20:50:04,474,294
20:50:05,471,283
20:50:06,450,279
20:50:07,441,286
20:50:08,456,280
20:50:09,480,281
20:50:10,436,279
20:50:11,440,284
20:50:12,435,272
20:50:13,465,302
20:50:14,497,300
20:50:15,473,301
20:50:16,499,311
20:50:17,442,281
20:50:18,421,281
20:50:19,453,283
20:50:20,469,314
20:50:21,449,283
20:50:22,454,292
20:50:23,463,273
20:50:24,435,287
20:50:25,433,281
20:50:26,459,284
20:50:27,519,313
20:50:28,509,292
20:50:29,529,303
20:50:30,517,304
20:50:31,540,306
20:50:32,520,306
20:50:33,494,312
20:50:34,546,317
20:50:35,501,308
20:50:36,516,311
20:50:37,472,300
20:50:38,500,326
20:50:39,502,300
20:50:40,481,305
20:50:41,503,306
20:50:42,538,322
20:50:43,471,308
20:50:44,453,298
20:50:45,468,290
20:50:46,502,313
20:50:47,493,310
20:50:48,500,308
20:50:49,469,302
20:50:50,482,298
20:50:51,478,298
20:50:52,466,278
20:50:53,459,292
20:50:54,472,287
20:50:55,474,309
20:50:56,450,298
20:50:57,415,266
20:50:58,488,310
20:50:59,480,301
20:51:00,436,290
20:51:01,489,302
20:51:02,545,309
20:51:03,495,298
20:51:04,520,303
20:51:05,476,308
20:51:06,510,328
20:51:07,486,294
20:51:08,517,320
20:51:09,483,299
20:51:10,531,313
20:51:11,508,321
20:51:12,532,325
20:51:13,516,313
20:51:14,538,327
20:51:15,552,309
20:51:16,481,315
20:51:17,512,301
20:51:18,500,308
20:51:19,480,273
20:51:20,523,328
20:51:21,482,312
20:51:22,465,306
20:51:23,473,312
20:51:24,505,331
20:51:25,472,282
20:51:26,454,286
20:51:27,465,299
20:51:28,471,308
20:51:29,469,305
20:51:30,470,301
20:51:31,459,303
20:51:32,454,287
20:51:33,471,310
20:51:34,496,331
20:51:35,504,308
20:51:36,487,302
20:51:37,519,302
20:51:38,498,308
20:51:39,494,312
20:51:40,481,297
20:51:41,461,297
20:51:42,491,301
20:51:43,494,307
20:51:44,504,313
20:51:45,539,324
20:51:46,530,340
20:51:47,487,303
20:51:48,527,328
20:51:49,547,332
20:51:50,531,314
20:51:51,537,322
20:51:52,527,307
20:51:53,525,330
20:51:54,506,321
20:51:55,528,318
20:51:56,577,334
20:51:57,481,318
20:51:58,532,307
20:51:59,470,302
20:52:00,518,323
20:52:01,523,327
20:52:02,519,318
20:52:03,501,311
20:52:04,522,323
20:52:05,538,325
20:52:06,512,325
20:52:07,513,315
20:52:08,506,321
20:52:09,502,310
20:52:10,549,325
20:52:11,508,313
20:52:12,546,310
20:52:13,514,339
20:52:14,539,328
20:52:15,479,301
20:52:16,515,331
20:52:17,487,316
20:52:18,528,329
20:52:19,539,333
20:52:20,536,337
20:52:21,512,324
20:52:22,575,335
20:52:23,573,347
20:52:24,567,341
20:52:25,567,351
20:52:26,631,357
20:52:27,505,336
20:52:28,513,324
20:52:29,552,326
20:52:30,570,330
20:52:31,508,320
20:52:32,509,324
20:52:33,550,334
20:52:34,526,339
20:52:35,515,324
20:52:36,547,337
20:52:37,516,322
20:52:38,506,317
20:52:39,510,331
20:52:40,469,307
20:52:41,502,311
20:52:42,504,334
20:52:43,485,310
20:52:44,519,329
20:52:45,589,353
20:52:46,547,340
20:52:47,533,341
20:52:48,547,350
20:52:49,570,329
20:52:50,525,341
20:52:51,532,349
20:52:52,556,319
20:52:53,557,339
20:52:54,529,326
20:52:55,563,352
20:52:56,594,379
20:52:57,506,317
20:52:58,487,311
20:52:59,593,368
20:53:00,547,337
20:53:01,565,355
20:53:02,583,362
20:53:03,597,354
20:53:04,609,355
20:53:05,597,367
20:53:06,657,382
20:53:07,648,378
20:53:08,680,394
20:53:09,662,379
20:53:10,686,408
20:53:11,578,350
20:53:12,607,368
20:53:13,593,343
20:53:14,633,362
20:53:15,605,362
20:53:16,663,397
20:53:17,596,382
20:53:18,539,354
20:53:19,609,392
20:53:20,644,386
20:53:21,656,399
20:53:22,638,385
20:53:23,665,382
20:53:24,616,390
20:53:25,667,391
20:53:26,623,394
20:53:27,598,363
20:53:28,624,379
20:53:29,614,395
20:53:30,586,364
20:53:31,614,364
20:53:32,608,382
20:53:33,625,391
20:53:34,605,357
20:53:35,588,370
20:53:36,665,401
20:53:37,683,384
20:53:38,700,392
20:53:39,634,400
20:53:40,644,390
20:53:41,632,381
20:53:42,598,376
20:53:43,648,386
20:53:44,570,375
20:53:45,642,393
20:53:46,568,366
20:53:47,644,374
20:53:48,579,362
20:53:49,623,399
20:53:50,692,408
20:53:51,606,382
20:53:52,600,382
20:53:53,619,407
20:53:54,641,389
20:53:55,677,386
20:53:56,698,417
20:53:57,670,426
20:53:58,645,393
20:53:59,636,389
20:54:00,618,397
20:54:01,617,392
20:54:02,624,391
20:54:03,663,403
20:54:04,663,395
20:54:05,682,400
20:54:06,640,396
20:54:07,651,415
20:54:08,633,400
20:54:09,586,387
20:54:10,601,392
20:54:11,673,404
20:54:12,692,402
20:54:13,654,381
20:54:14,658,385
20:54:15,639,399
20:54:16,615,381
20:54:17,656,394
20:54:18,615,387
20:54:19,636,400
20:54:20,615,385
20:54:21,721,438
20:54:22,659,403
20:54:23,592,398
20:54:24,647,407
20:54:25,618,400
20:54:26,594,377
20:54:27,610,393
20:54:28,637,414
20:54:29,676,416
20:54:30,681,413
20:54:31,661,417
20:54:32,645,444
20:54:33,583,372
20:54:34,672,425
20:54:35,742,461
20:54:36,666,417
20:54:37,655,421
20:54:38,743,450
20:54:39,731,442
20:54:40,706,423
20:54:41,690,440
20:54:42,738,431
20:54:43,679,426
20:54:44,648,404
20:54:45,651,413
20:54:46,630,421
20:54:47,681,431
20:54:48,648,416
20:54:49,678,421
20:54:50,668,405
20:54:51,646,412
20:54:52,633,398
20:54:53,682,412
20:54:54,634,406
20:54:55,619,405
20:54:56,644,433
20:54:57,657,418
20:54:58,641,413
20:54:59,641,391
20:55:00,623,387
20:55:01,706,438
20:55:02,738,441
20:55:03,712,425
20:55:04,690,426
20:55:05,663,428
20:55:06,693,427
20:55:07,704,415
20:55:08,640,395
20:55:09,667,405
20:55:10,738,461
20:55:11,741,440
20:55:12,708,426
20:55:13,725,450
20:55:14,750,462
20:55:15,744,453
20:55:16,671,428
20:55:17,769,439
20:55:18,676,419
20:55:19,722,413
20:55:20,731,430
20:55:21,742,428
20:55:22,730,444
20:55:23,727,438
20:55:24,692,415
20:55:25,735,457
20:55:26,700,402
20:55:27,711,433
20:55:28,698,432
20:55:29,757,427
20:55:30,732,426
20:55:31,724,453
20:55:32,650,416
20:55:33,681,426
20:55:34,722,415
20:55:35,667,417
20:55:36,657,409
20:55:37,665,397
20:55:38,644,385
20:55:39,695,443
20:55:40,614,399
20:55:41,641,425
20:55:42,688,419
20:55:43,614,390
20:55:44,716,437
20:55:45,612,384
20:55:46,678,423
20:55:47,675,434
20:55:48,700,460
20:55:49,683,443
20:55:50,774,451
20:55:51,808,460
20:55:52,759,457
20:55:53,710,422
20:55:54,736,449
20:55:55,702,439
20:55:56,714,435
20:55:57,681,415
20:55:58,631,432
20:55:59,638,442
20:56:00,664,436
20:56:01,791,461
20:56:02,765,448
20:56:03,686,432
20:56:04,711,441
20:56:05,667,424
20:56:06,763,469
20:56:07,681,421
20:56:08,701,429
20:56:09,653,417
20:56:10,633,399
20:56:11,720,451
20:56:12,687,422
20:56:13,710,462
20:56:14,664,417
20:56:15,693,435
20:56:16,675,428
20:56:17,612,416
20:56:18,656,437
20:56:19,663,417
20:56:20,634,418
20:56:21,711,434
20:56:22,713,440
20:56:23,714,450
20:56:24,696,435
20:56:25,677,416
20:56:26,658,432
20:56:27,736,465
20:56:28,722,436
20:56:29,699,454
20:56:30,714,460
20:56:31,706,435
20:56:32,709,446
20:56:33,705,438
20:56:34,654,419
20:56:35,700,440
20:56:36,684,435
20:56:37,631,431
20:56:38,679,464
20:56:39,664,433
20:56:40,680,424
20:56:41,677,428
20:56:42,676,446
20:56:43,713,441
20:56:44,718,448
20:56:45,726,461
20:56:46,671,452
20:56:47,655,429
20:56:48,685,445
20:56:49,641,424
20:56:50,654,429
20:56:51,709,433
20:56:52,706,436
20:56:53,735,450
20:56:54,649,423
20:56:55,676,410
20:56:56,683,427
20:56:57,705,436
20:56:58,789,460
20:56:59,694,429
20:57:00,730,472
20:57:01,751,449
20:57:02,712,451
20:57:03,716,434
20:57:04,706,437
20:57:05,694,434
20:57:06,691,427
20:57:07,704,441
20:57:08,689,440
20:57:09,687,428
20:57:10,691,442
20:57:11,671,419
20:57:12,669,430
20:57:13,724,451
20:57:14,724,416
20:57:15,759,468
20:57:16,707,432
20:57:17,731,465
20:57:18,718,463
20:57:19,728,457
20:57:20,686,440
20:57:21,738,458
20:57:22,753,457
20:57:23,744,474
20:57:24,713,454
20:57:25,737,468
20:57:26,678,439
20:57:27,704,449
20:57:28,649,426
20:57:29,646,437
20:57:30,667,441
20:57:31,695,449
20:57:32,714,452
20:57:33,668,441
20:57:34,649,415
20:57:35,632,417
20:57:36,624,414
20:57:37,666,434
20:57:38,650,443
20:57:39,664,439
20:57:40,650,437
20:57:41,706,465
20:57:42,704,472
20:57:43,740,472
20:57:44,678,435
20:57:45,716,452
20:57:46,723,459
20:57:47,683,437
20:57:48,647,419
20:57:49,668,430
20:57:50,742,465
20:57:51,716,453
20:57:52,663,418
20:57:53,741,457
20:57:54,699,460
20:57:55,684,452
20:57:56,729,465
20:57:57,707,428
20:57:58,699,450
20:57:59,718,442
20:58:00,702,458
20:58:01,719,459
20:58:02,726,451
20:58:03,751,472
20:58:04,698,440
20:58:05,725,453
20:58:06,673,429
20:58:07,731,462
20:58:08,681,433
20:58:09,716,452
20:58:10,685,433
20:58:11,681,441
20:58:12,703,457
20:58:13,747,458
20:58:14,731,433
20:58:15,735,460
20:58:16,729,477
20:58:17,722,443
20:58:18,691,464
20:58:19,698,440
20:58:20,695,439
20:58:21,706,449
20:58:22,709,455
20:58:23,662,443
20:58:24,689,433
20:58:25,700,466
20:58:26,710,462
20:58:27,726,453
20:58:28,758,478
20:58:29,765,467
20:58:30,677,433
20:58:31,747,483
20:58:32,733,457
20:58:33,738,455
20:58:34,701,453
20:58:35,670,442
20:58:36,709,444
20:58:37,700,444
20:58:38,698,449
20:58:39,693,452
20:58:40,663,399
20:58:41,664,418
20:58:42,707,442
20:58:43,663,446
20:58:44,646,419
20:58:45,651,430
20:58:46,648,412
20:58:47,682,438
20:58:48,678,421
20:58:49,656,415
20:58:50,676,437
20:58:51,629,409
20:58:52,689,431
20:58:53,672,417
20:58:54,615,420
20:58:55,674,442
20:58:56,628,424
20:58:57,590,393
20:58:58,647,418
20:58:59,680,434
20:59:00,638,400
20:59:01,626,402
20:59:02,625,419
20:59:03,577,381
20:59:04,635,416
20:59:05,662,425
20:59:06,634,424
20:59:07,595,392
20:59:08,665,432
20:59:09,630,406
20:59:10,669,442
20:59:11,626,433
20:59:12,648,430
20:59:13,637,412
20:59:14,633,421
20:59:15,669,421
20:59:16,639,410
20:59:17,694,453
20:59:18,709,434
20:59:19,699,435
20:59:20,689,428
20:59:21,657,430
20:59:22,691,425
20:59:23,701,437
20:59:24,699,428
20:59:25,647,415
20:59:26,647,395
20:59:27,668,427
20:59:28,595,394
20:59:29,619,418
20:59:30,653,417
20:59:31,677,419
20:59:32,662,418
20:59:33,595,395
20:59:34,628,403
20:59:35,674,422
20:59:36,644,415
20:59:37,612,397
20:59:38,666,444
20:59:39,642,435
20:59:40,576,399
20:59:41,629,412
20:59:42,636,415
20:59:43,646,416
20:59:44,635,405
20:59:45,613,404
20:59:46,651,415
20:59:47,668,405
20:59:48,678,414
20:59:49,685,425
20:59:50,690,417
20:59:51,678,422
20:59:52,650,438
20:59:53,676,424
20:59:54,645,425
20:59:55,685,417
20:59:56,647,420
20:59:57,593,397
20:59:58,680,427
20:59:59,646,399
21:00:00,650,408
21:00:01,584,373
21:00:02,608,390
21:00:03,693,437
21:00:04,737,432
21:00:05,692,408
21:00:06,667,403
21:00:07,712,432
21:00:08,607,393
21:00:09,604,384
21:00:10,573,370
21:00:11,618,392
21:00:12,636,398
21:00:13,661,421
21:00:14,589,383
21:00:15,608,371
21:00:16,641,410
21:00:17,628,410
21:00:18,688,421
21:00:19,662,402
21:00:20,633,410
21:00:21,659,410
21:00:22,640,404
21:00:23,630,415
21:00:24,633,403
21:00:25,637,414
21:00:26,660,406
21:00:27,571,373
21:00:28,623,413
21:00:29,604,387
21:00:30,678,413
21:00:31,623,388
21:00:32,596,391
21:00:33,590,375
21:00:34,622,400
21:00:35,602,407
21:00:36,621,415
21:00:37,635,419
21:00:38,636,404
21:00:39,623,383
21:00:40,650,412
21:00:41,669,408
21:00:42,634,402
21:00:43,589,372
21:00:44,530,359
21:00:45,603,412
21:00:46,568,394
21:00:47,625,422
21:00:48,573,396
21:00:49,587,406
21:00:50,599,397
21:00:51,638,416
21:00:52,656,413
21:00:53,611,402
21:00:54,651,422
21:00:55,629,409
21:00:56,597,387
21:00:57,622,389
21:00:58,630,398
21:00:59,627,389
21:01:00,631,393
21:01:01,547,370
21:01:02,576,379
21:01:03,606,397
21:01:04,621,401
21:01:05,565,377
21:01:06,612,381
21:01:07,599,383
21:01:08,611,382
21:01:09,641,402
21:01:10,626,417
21:01:11,587,382
21:01:12,650,428
21:01:13,680,422
21:01:14,648,405
21:01:15,670,401
21:01:16,656,395
21:01:17,660,397
21:01:18,560,374
21:01:19,586,383
21:01:20,613,366
21:01:21,594,393
21:01:22,567,364
21:01:23,569,378
21:01:24,577,363
21:01:25,572,385
21:01:26,544,364
21:01:27,513,338
21:01:28,575,364
21:01:29,550,375
21:01:30,581,371
21:01:31,601,381
21:01:32,604,378
21:01:33,557,368
21:01:34,554,373
21:01:35,612,379
21:01:36,578,362
21:01:37,587,390
21:01:38,573,369
21:01:39,590,385
21:01:40,580,363
21:01:41,577,371
21:01:42,555,359
21:01:43,635,385
21:01:44,578,376
21:01:45,604,392
21:01:46,630,395
21:01:47,584,356
21:01:48,577,366
21:01:49,570,379
21:01:50,632,395
21:01:51,555,369
21:01:52,574,394
21:01:53,564,379
21:01:54,563,369
21:01:55,583,380
21:01:56,577,382
21:01:57,532,358
21:01:58,493,344
21:01:59,542,365
21:02:00,571,381
21:02:01,567,375
21:02:02,555,367
21:02:03,575,373
21:02:04,561,374
21:02:05,631,398
21:02:06,609,387
21:02:07,594,391
21:02:08,680,400
21:02:09,614,385
21:02:10,597,372
21:02:11,579,372
21:02:12,620,410
21:02:13,596,381
21:02:14,588,373
21:02:15,551,370
21:02:16,586,366
21:02:17,591,363
21:02:18,590,373
21:02:19,583,382
21:02:20,564,371
21:02:21,643,387
21:02:22,575,385
21:02:23,578,374
21:02:24,613,405
21:02:25,575,357
21:02:26,574,388
21:02:27,634,400
21:02:28,609,388
21:02:29,539,372
21:02:30,543,357
21:02:31,532,367
21:02:32,555,363
21:02:33,575,373
21:02:34,572,379
21:02:35,585,377
21:02:36,575,372
21:02:37,568,364
21:02:38,578,372
21:02:39,526,351
21:02:40,552,356
21:02:41,549,361
21:02:42,570,400
21:02:43,574,383
21:02:44,554,379
21:02:45,568,377
21:02:46,533,355
21:02:47,543,367
21:02:48,582,365
21:02:49,558,352
21:02:50,536,354
21:02:51,557,365
21:02:52,539,363
21:02:53,521,356
21:02:54,524,332
21:02:55,529,358
21:02:56,532,340
21:02:57,566,365
21:02:58,577,358
21:02:59,519,343
21:03:00,534,333
21:03:01,539,361
21:03:02,545,350
21:03:03,570,376
21:03:04,544,356
21:03:05,502,344
21:03:06,490,349
21:03:07,531,364
21:03:08,554,376
21:03:09,546,354
21:03:10,555,363
21:03:11,528,351
21:03:12,551,366
21:03:13,559,370
21:03:14,515,339
21:03:15,554,370
21:03:16,538,349
21:03:17,514,356
21:03:18,490,314
21:03:19,515,321
21:03:20,502,342
21:03:21,515,348
21:03:22,544,350
21:03:23,453,302
21:03:24,494,341
21:03:25,488,335
21:03:26,464,306
21:03:27,527,347
21:03:28,518,349
21:03:29,485,318
21:03:30,540,360
21:03:31,498,348
21:03:32,521,357
21:03:33,511,353
21:03:34,460,320
21:03:35,468,317
21:03:36,513,330
21:03:37,534,343
21:03:38,545,356
21:03:39,500,334
21:03:40,495,327
21:03:41,524,351
21:03:42,475,327
21:03:43,510,332
21:03:44,539,354
21:03:45,537,340
21:03:46,547,352
21:03:47,519,357
21:03:48,509,356
21:03:49,505,358
21:03:50,519,335
21:03:51,550,348
21:03:52,564,342
21:03:53,535,340
21:03:54,461,326
21:03:55,446,318
21:03:56,504,340
21:03:57,479,323
21:03:58,477,314
21:03:59,431,306
21:04:00,438,302
21:04:01,443,327
21:04:02,447,327
21:04:03,476,319
21:04:04,486,322
21:04:05,523,336
21:04:06,471,318
21:04:07,541,355
21:04:08,467,311
21:04:09,485,319
21:04:10,492,329
21:04:11,464,322
21:04:12,473,325
21:04:13,465,317
21:04:14,552,342
21:04:15,510,344
21:04:16,543,352
21:04:17,516,346
21:04:18,543,355
21:04:19,558,338
21:04:20,561,344
21:04:21,598,349
21:04:22,516,334
21:04:23,515,327
21:04:24,524,340
21:04:25,486,312
21:04:26,495,324
21:04:27,537,340
21:04:28,515,337
21:04:29,524,336
21:04:30,512,329
21:04:31,482,337
21:04:32,507,339
21:04:33,489,311
21:04:34,517,332
21:04:35,555,353
21:04:36,569,351
21:04:37,533,335
21:04:38,562,357
21:04:39,488,327
21:04:40,495,338
21:04:41,516,329
21:04:42,476,336
21:04:43,464,331
21:04:44,458,326
21:04:45,422,306
21:04:46,549,365
21:04:47,482,314
21:04:48,482,327
21:04:49,501,324
21:04:50,525,339
21:04:51,484,329
21:04:52,479,328
21:04:53,497,336
21:04:54,505,345
21:04:55,513,346
21:04:56,491,331
21:04:57,510,326
21:04:58,515,319
21:04:59,522,357
21:05:00,475,323
21:05:01,531,336
21:05:02,495,322
21:05:03,465,330
21:05:04,513,350
21:05:05,489,346
21:05:06,489,327
21:05:07,512,347
21:05:08,506,334
21:05:09,499,331
21:05:10,500,323
21:05:11,486,307
21:05:12,493,323
21:05:13,447,291
21:05:14,512,326
21:05:15,535,341
21:05:16,447,319
21:05:17,489,321
21:05:18,488,327
21:05:19,511,332
21:05:20,505,332
21:05:21,538,318
21:05:22,507,341
21:05:23,521,332
21:05:24,538,354
21:05:25,529,334
21:05:26,518,341
21:05:27,572,365
21:05:28,575,347
21:05:29,583,353
21:05:30,482,313
21:05:31,482,312
21:05:32,518,321
21:05:33,568,365
21:05:34,521,329
21:05:35,471,321
21:05:36,506,333
21:05:37,532,342
21:05:38,521,339
21:05:39,528,345
21:05:40,543,359
21:05:41,498,330
21:05:42,538,351
21:05:43,533,352
21:05:44,516,335
21:05:45,452,323
21:05:46,527,339
21:05:47,529,347
21:05:48,501,328
21:05:49,494,334
21:05:50,494,347
21:05:51,462,322
21:05:52,513,338
21:05:53,549,356
21:05:54,501,350
21:05:55,488,346
21:05:56,506,335
21:05:57,499,328
21:05:58,489,322
21:05:59,480,324
21:06:00,452,316
21:06:01,450,310
21:06:02,480,318
21:06:03,471,300
21:06:04,486,319
21:06:05,466,314
21:06:06,517,354
21:06:07,520,330
21:06:08,539,341
21:06:09,509,336
21:06:10,506,341
21:06:11,498,327
21:06:12,506,335
21:06:13,503,338
21:06:14,487,334
21:06:15,495,326
21:06:16,481,324
21:06:17,523,335
21:06:18,531,340
21:06:19,517,332
21:06:20,540,341
21:06:21,506,329
21:06:22,470,307
21:06:23,470,314
21:06:24,449,323
21:06:25,480,308
21:06:26,466,315
21:06:27,477,329
21:06:28,495,318
21:06:29,522,322
21:06:30,544,323
21:06:31,507,333
21:06:32,505,313
21:06:33,501,317
21:06:34,480,299
21:06:35,482,313
21:06:36,492,327
21:06:37,481,297
21:06:38,467,309
21:06:39,492,316
21:06:40,447,313
21:06:41,435,300
21:06:42,440,293
21:06:43,477,327
21:06:44,407,275
21:06:45,466,306
21:06:46,480,325
21:06:47,447,321
21:06:48,447,311
21:06:49,445,306
21:06:50,490,335
21:06:51,460,296
21:06:52,443,306
21:06:53,458,295
21:06:54,436,281
21:06:55,438,301
21:06:56,461,310
21:06:57,450,298
21:06:58,480,317
21:06:59,451,304
21:07:00,454,297
21:07:01,463,309
21:07:02,446,302
21:07:03,467,317
21:07:04,476,324
21:07:05,477,331
21:07:06,462,320
21:07:07,398,292
21:07:08,434,293
21:07:09,450,296
21:07:10,465,305
21:07:11,446,304
21:07:12,421,287
21:07:13,410,275
21:07:14,458,299
21:07:15,473,290
21:07:16,426,285
21:07:17,419,286
21:07:18,401,294
21:07:19,415,283
21:07:20,417,297
21:07:21,422,281
21:07:22,430,302
21:07:23,422,269
21:07:24,417,287
21:07:25,442,286
21:07:26,394,277
21:07:27,408,275
21:07:28,453,310
21:07:29,418,297
21:07:30,476,310
21:07:31,448,300
21:07:32,447,285
21:07:33,384,268
21:07:34,458,306
21:07:35,385,278
21:07:36,436,302
21:07:37,405,294
21:07:38,439,287
21:07:39,439,301
21:07:40,445,296
21:07:41,421,303
21:07:42,439,293
21:07:43,450,312
21:07:44,453,283
21:07:45,479,293
21:07:46,491,304
21:07:47,460,282
21:07:48,426,276
21:07:49,443,285
21:07:50,443,304
21:07:51,426,274
21:07:52,478,297
21:07:53,494,294
21:07:54,487,290
21:07:55,495,313
21:07:56,451,289
21:07:57,445,292
21:07:58,478,294
21:07:59,433,273
21:08:00,455,295
21:08:01,401,265
21:08:02,481,323
21:08:03,433,290
21:08:04,459,299
21:08:05,456,298
21:08:06,442,279
21:08:07,426,290
21:08:08,407,267
21:08:09,467,320
21:08:10,430,286
21:08:11,453,290
21:08:12,503,322
21:08:13,489,312
21:08:14,478,318
21:08:15,461,295
21:08:16,497,314
21:08:17,453,306
21:08:18,466,316
21:08:19,422,271
21:08:20,411,283
21:08:21,415,284
21:08:22,480,309
21:08:23,446,286
21:08:24,492,310
21:08:25,443,271
21:08:26,460,292
21:08:27,425,280
21:08:28,420,277
21:08:29,423,270
21:08:30,402,261
21:08:31,415,280
21:08:32,389,273
21:08:33,470,296
21:08:34,393,277
21:08:35,452,306
21:08:36,463,292
21:08:37,426,289
21:08:38,423,283
21:08:39,444,279
21:08:40,415,279
21:08:41,372,259
21:08:42,363,244
21:08:43,406,270
21:08:44,420,273
21:08:45,483,307
21:08:46,446,292
21:08:47,444,304
21:08:48,415,277
21:08:49,407,263
21:08:50,431,264
21:08:51,433,302
21:08:52,410,273
21:08:53,436,287
21:08:54,427,292
21:08:55,421,287
21:08:56,383,282
21:08:57,425,298
21:08:58,396,266
21:08:59,458,304
21:09:00,447,292
21:09:01,447,274
21:09:02,454,283
21:09:03,424,292
21:09:04,395,253
21:09:05,442,286
21:09:06,421,270
21:09:07,434,278
21:09:08,414,285
21:09:09,408,267
21:09:10,421,290
21:09:11,392,276
21:09:12,398,267
21:09:13,437,295
21:09:14,445,300
21:09:15,468,292
21:09:16,422,287
21:09:17,423,275
21:09:18,417,292
21:09:19,413,286
21:09:20,423,283
21:09:21,433,278
21:09:22,448,294
21:09:23,400,276
21:09:24,447,293
21:09:25,491,321
21:09:26,435,290
21:09:27,410,279
21:09:28,413,278
21:09:29,438,295
21:09:30,415,291
21:09:31,452,291
21:09:32,425,286
21:09:33,428,298
21:09:34,435,276
21:09:35,437,288
21:09:36,449,300
21:09:37,470,289
21:09:38,425,270
21:09:39,462,296
21:09:40,441,282
21:09:41,421,275
21:09:42,465,301
21:09:43,445,264
21:09:44,438,294
21:09:45,437,293
21:09:46,466,287
21:09:47,471,294
21:09:48,401,284
21:09:49,413,277
21:09:50,438,293
21:09:51,444,275
21:09:52,436,292
21:09:53,387,265
21:09:54,434,303
21:09:55,427,276
21:09:56,409,278
21:09:57,427,272
21:09:58,399,268
21:09:59,383,265
21:10:00,368,267
21:10:01,444,285
21:10:02,377,257
21:10:03,433,282
21:10:04,445,282
21:10:05,403,279
21:10:06,413,275
21:10:07,375,272
21:10:08,417,280
21:10:09,408,280
21:10:10,420,277
21:10:11,407,276
21:10:12,450,294
21:10:13,436,282
21:10:14,427,298
21:10:15,449,304
21:10:16,462,294
21:10:17,461,300
21:10:18,456,298
21:10:19,450,297
21:10:20,442,316
21:10:21,461,292
21:10:22,472,292
21:10:23,482,295
21:10:24,456,287
21:10:25,401,269
21:10:26,423,286
21:10:27,458,308
21:10:28,490,312
21:10:29,434,291
21:10:30,415,299
21:10:31,471,316
21:10:32,401,276
21:10:33,444,300
21:10:34,471,294
21:10:35,413,274
21:10:36,457,296
21:10:37,476,297
21:10:38,459,302
21:10:39,446,294
21:10:40,442,288
21:10:41,453,290
21:10:42,473,292
21:10:43,445,282
21:10:44,422,277
21:10:45,402,276
21:10:46,405,289
21:10:47,410,281
21:10:48,419,291
21:10:49,441,293
21:10:50,460,302
21:10:51,455,302
21:10:52,472,305
21:10:53,403,286
21:10:54,457,288
21:10:55,423,290
21:10:56,486,307
21:10:57,503,309
21:10:58,453,303
21:10:59,473,311
21:11:00,450,318
21:11:01,449,290
21:11:02,467,304
21:11:03,440,289
21:11:04,473,300
21:11:05,410,263
21:11:06,488,300
21:11:07,456,304
21:11:08,424,288
21:11:09,449,297
21:11:10,521,322
21:11:11,467,296
21:11:12,492,295
21:11:13,473,302
21:11:14,425,285
21:11:15,445,294
21:11:16,452,302
21:11:17,452,286
21:11:18,466,311
21:11:19,443,300
21:11:20,468,311
21:11:21,413,286
21:11:22,471,308
21:11:23,450,312
21:11:24,449,295
21:11:25,440,295
21:11:26,468,307
21:11:27,402,282
21:11:28,436,297
21:11:29,441,304
21:11:30,379,278
21:11:31,445,294
21:11:32,466,317
21:11:33,403,289
21:11:34,460,312
21:11:35,438,291
21:11:36,447,302
21:11:37,483,316
21:11:38,465,303
21:11:39,493,303
21:11:40,489,306
21:11:41,460,303
21:11:42,455,300
21:11:43,463,312
21:11:44,429,286
21:11:45,417,297
21:11:46,433,300
21:11:47,448,301
21:11:48,412,294
21:11:49,455,305
21:11:50,443,303
21:11:51,455,309
21:11:52,472,311
21:11:53,478,316
21:11:54,421,273
21:11:55,429,302
21:11:56,398,290
21:11:57,456,305
21:11:58,363,277
21:11:59,407,285
21:12:00,416,281
21:12:01,416,290
21:12:02,441,290
21:12:03,430,305
21:12:04,440,292
21:12:05,453,310
21:12:06,438,295
21:12:07,455,298
21:12:08,453,285
21:12:09,491,316
21:12:10,449,292
21:12:11,427,282
21:12:12,480,299
21:12:13,470,292
21:12:14,468,297
21:12:15,411,284
21:12:16,461,320
21:12:17,422,293
21:12:18,397,283
21:12:19,470,302
21:12:20,454,312
21:12:21,443,305
21:12:22,416,297
21:12:23,449,305
21:12:24,476,312
21:12:25,460,320
21:12:26,479,308
21:12:27,483,321
21:12:28,440,292
21:12:29,455,303
21:12:30,454,313
21:12:31,454,318
21:12:32,431,293
21:12:33,480,329
21:12:34,483,327
21:12:35,481,324
21:12:36,449,303
21:12:37,459,297
21:12:38,421,298
21:12:39,467,309
21:12:40,485,330
21:12:41,457,298
21:12:42,450,307
21:12:43,473,308
21:12:44,430,298
21:12:45,453,310
21:12:46,434,315
21:12:47,465,307
21:12:48,453,324
21:12:49,439,298
21:12:50,440,300
21:12:51,454,299
21:12:52,476,314
21:12:53,430,290
21:12:54,469,303
21:12:55,455,317
21:12:56,520,331
21:12:57,434,298
21:12:58,477,311
21:12:59,472,314
21:13:00,511,314
21:13:01,488,319
21:13:02,452,308
21:13:03,467,317
21:13:04,458,325
21:13:05,493,350
21:13:06,424,300
21:13:07,466,307
21:13:08,394,278
21:13:09,423,286
21:13:10,448,311
21:13:11,489,321
21:13:12,469,312
21:13:13,523,334
21:13:14,503,312
21:13:15,521,323
21:13:16,466,298
21:13:17,458,313
21:13:18,487,329
21:13:19,465,316
21:13:20,484,310
21:13:21,466,319
21:13:22,507,334
21:13:23,432,309
21:13:24,481,337
21:13:25,417,282
21:13:26,517,352
21:13:27,505,307
21:13:28,519,315
21:13:29,507,343
21:13:30,410,299
21:13:31,464,307
21:13:32,438,297
21:13:33,473,304
21:13:34,472,311
21:13:35,457,312
21:13:36,452,326
21:13:37,449,306
21:13:38,463,313
21:13:39,475,335
21:13:40,477,321
21:13:41,430,286
21:13:42,513,320
21:13:43,506,313
21:13:44,458,308
21:13:45,517,320
21:13:46,463,328
21:13:47,419,290
21:13:48,455,311
21:13:49,481,319
21:13:50,486,318
21:13:51,461,305
21:13:52,479,326
21:13:53,470,325
21:13:54,475,336
21:13:55,461,302
21:13:56,470,314
21:13:57,498,314
21:13:58,490,333
21:13:59,469,307
21:14:00,476,306
21:14:01,477,303
21:14:02,434,298
21:14:03,477,301
21:14:04,451,305
21:14:05,507,338
21:14:06,436,320
21:14:07,481,326
21:14:08,453,308
21:14:09,531,341
21:14:10,436,291
21:14:11,431,303
21:14:12,485,318
21:14:13,468,315
21:14:14,482,338
21:14:15,461,320
21:14:16,526,340
21:14:17,483,338
21:14:18,495,324
21:14:19,523,345
21:14:20,572,342
21:14:21,512,319
21:14:22,548,343
21:14:23,562,358
21:14:24,503,330
21:14:25,537,327
21:14:26,520,329
21:14:27,486,316
21:14:28,516,342
21:14:29,460,311
21:14:30,503,345
21:14:31,509,344
21:14:32,489,333
21:14:33,487,314
21:14:34,526,334
21:14:35,487,310
21:14:36,520,342
21:14:37,456,300
21:14:38,486,330
21:14:39,524,347
21:14:40,495,326
21:14:41,514,349
21:14:42,497,330
21:14:43,474,315
21:14:44,508,346
21:14:45,478,324
21:14:46,523,356
21:14:47,466,323
21:14:48,494,338
21:14:49,509,355
21:14:50,485,340
21:14:51,492,327
21:14:52,485,324
21:14:53,480,342
21:14:54,491,327
21:14:55,452,311
21:14:56,513,357
21:14:57,515,329
21:14:58,513,332
21:14:59,511,356
21:15:00,467,306
21:15:01,481,319
21:15:02,472,322
21:15:03,487,333
21:15:04,468,327
21:15:05,514,349
21:15:06,569,369
21:15:07,509,318
21:15:08,524,348
21:15:09,453,310
21:15:10,504,336
21:15:11,467,328
21:15:12,477,330
21:15:13,499,343
21:15:14,467,323
21:15:15,473,328
21:15:16,503,341
21:15:17,482,344
21:15:18,480,332
21:15:19,484,328
21:15:20,483,321
21:15:21,453,313
21:15:22,483,337
21:15:23,442,323
21:15:24,470,310
21:15:25,488,332
21:15:26,484,339
21:15:27,475,320
21:15:28,498,340
21:15:29,508,342
21:15:30,499,344
21:15:31,456,324
21:15:32,483,331
21:15:33,529,349
21:15:34,501,337
21:15:35,448,313
21:15:36,478,315
21:15:37,530,360
21:15:38,471,327
21:15:39,536,357
21:15:40,524,368
21:15:41,472,324
21:15:42,485,357
21:15:43,471,317
21:15:44,536,346
21:15:45,500,318
21:15:46,504,328
21:15:47,516,344
21:15:48,495,349
21:15:49,535,351
21:15:50,456,317
21:15:51,519,356
21:15:52,496,347
21:15:53,468,332
21:15:54,446,316
21:15:55,485,347
21:15:56,495,347
21:15:57,468,314
21:15:58,489,342
21:15:59,494,339
21:16:00,522,334
21:16:01,494,342
21:16:02,517,359
21:16:03,541,366
21:16:04,489,344
21:16:05,499,338
21:16:06,537,358
21:16:07,553,351
21:16:08,512,357
21:16:09,539,365
21:16:10,530,356
21:16:11,515,343
21:16:12,523,353
21:16:13,528,360
21:16:14,534,339
21:16:15,532,355
21:16:16,547,365
21:16:17,529,347
21:16:18,528,369
21:16:19,471,340
21:16:20,521,343
21:16:21,514,361
21:16:22,509,354
21:16:23,500,337
21:16:24,531,363
21:16:25,517,350
21:16:26,516,358
21:16:27,528,362
21:16:28,520,339
21:16:29,522,353
21:16:30,531,360
21:16:31,573,354
21:16:32,560,368
21:16:33,480,339
21:16:34,529,343
21:16:35,511,347
21:16:36,534,367
21:16:37,536,357
21:16:38,551,385
21:16:39,530,364
21:16:40,569,384
21:16:41,570,365
21:16:42,493,339
21:16:43,543,355
21:16:44,505,344
21:16:45,503,357
21:16:46,497,331
21:16:47,539,377
21:16:48,524,351
21:16:49,527,335
21:16:50,509,354
21:16:51,545,375
21:16:52,539,352
21:16:53,568,384
21:16:54,567,354
21:16:55,553,356
21:16:56,550,353
21:16:57,581,367
21:16:58,519,360
21:16:59,485,343
21:17:00,511,354
21:17:01,565,363
21:17:02,526,341
21:17:03,522,346
21:17:04,494,333
21:17:05,612,394
21:17:06,548,358
21:17:07,540,366
21:17:08,529,349
21:17:09,536,360
21:17:10,516,347
21:17:11,521,351
21:17:12,516,341
21:17:13,518,352
21:17:14,490,358
21:17:15,535,367
21:17:16,514,357
21:17:17,509,339
21:17:18,522,370
21:17:19,507,346
21:17:20,559,359
21:17:21,533,369
21:17:22,527,361
21:17:23,551,368
21:17:24,561,366
21:17:25,541,367
21:17:26,501,351
21:17:27,523,359
21:17:28,525,358
21:17:29,459,327
21:17:30,513,340
21:17:31,526,333
21:17:32,528,361
21:17:33,540,379
21:17:34,528,358
21:17:35,584,375
21:17:36,546,378
21:17:37,526,359
21:17:38,491,342
21:17:39,556,382
21:17:40,525,351
21:17:41,521,358
21:17:42,543,372
21:17:43,528,357
21:17:44,538,384
21:17:45,536,353
21:17:46,520,347
21:17:47,524,357
21:17:48,543,377
21:17:49,534,366
21:17:50,534,365
21:17:51,511,332
21:17:52,526,344
21:17:53,524,348
21:17:54,526,354
21:17:55,519,342
21:17:56,569,362
21:17:57,536,360
21:17:58,518,346
21:17:59,549,357
21:18:00,576,366
21:18:01,545,348
21:18:02,538,374
21:18:03,479,333
21:18:04,541,362
21:18:05,559,389
21:18:06,502,365
21:18:07,522,370
21:18:08,540,360
21:18:09,590,387
21:18:10,568,367
21:18:11,518,359
21:18:12,523,353
21:18:13,554,334
21:18:14,543,351
21:18:15,510,360
21:18:16,492,364
21:18:17,520,350
21:18:18,492,347
21:18:19,484,350
21:18:20,557,368
21:18:21,504,328
21:18:22,554,360
21:18:23,586,395
21:18:24,541,357
21:18:25,529,360
21:18:26,599,387
21:18:27,588,367
21:18:28,574,364
21:18:29,613,413
21:18:30,546,371
21:18:31,572,376
21:18:32,575,393
21:18:33,555,372
21:18:34,587,376
21:18:35,537,384
21:18:36,565,385
21:18:37,608,394
21:18:38,602,380
21:18:39,550,364
21:18:40,522,352
21:18:41,586,393
21:18:42,539,382
21:18:43,560,398
21:18:44,563,396
21:18:45,622,406
21:18:46,579,390
21:18:47,539,378
21:18:48,544,380
21:18:49,491,360
21:18:50,523,387
21:18:51,556,378
21:18:52,544,375
21:18:53,562,387
21:18:54,530,378
21:18:55,520,384
21:18:56,526,365
21:18:57,535,373
21:18:58,542,373
21:18:59,545,382
21:19:00,509,351
21:19:01,523,355
21:19:02,463,324
21:19:03,524,364
21:19:04,511,361
21:19:05,495,355
21:19:06,506,349
21:19:07,519,360
21:19:08,549,373
21:19:09,543,360
21:19:10,535,362
21:19:11,516,368
21:19:12,536,369
21:19:13,530,343
21:19:14,551,396
21:19:15,481,344
21:19:16,517,360
21:19:17,533,350
21:19:18,524,360
21:19:19,539,361
21:19:20,528,353
21:19:21,539,366
21:19:22,506,369
21:19:23,557,395
21:19:24,488,345
21:19:25,537,362
21:19:26,547,363
21:19:27,541,346
21:19:28,552,362
21:19:29,545,370
21:19:30,553,379
21:19:31,510,359
21:19:32,502,332
21:19:33,537,371
21:19:34,516,352
21:19:35,524,348
21:19:36,528,369
21:19:37,496,358
21:19:38,546,361
21:19:39,520,337
21:19:40,522,362
21:19:41,537,378
21:19:42,517,359
21:19:43,481,355
21:19:44,523,359
21:19:45,539,375
21:19:46,563,379
21:19:47,493,350
21:19:48,487,349
21:19:49,521,351
21:19:50,511,346
21:19:51,548,376
21:19:52,521,352
21:19:53,496,346
21:19:54,537,371
21:19:55,545,354
21:19:56,546,362
21:19:57,519,351
21:19:58,500,338
21:19:59,530,346
21:20:00,519,348
21:20:01,542,373
21:20:02,506,342
21:20:03,510,343
21:20:04,499,347
21:20:05,571,376
21:20:06,495,347
21:20:07,526,375
21:20:08,494,360
21:20:09,515,357
21:20:10,546,374
21:20:11,493,347
21:20:12,552,358
21:20:13,516,344
21:20:14,551,341
21:20:15,522,363
21:20:16,523,362
21:20:17,528,366
21:20:18,530,371
21:20:19,565,378
21:20:20,598,383
21:20:21,581,383
21:20:22,503,362
21:20:23,529,357
21:20:24,540,378
21:20:25,554,370
21:20:26,583,375
21:20:27,613,396
21:20:28,606,391
21:20:29,575,387
21:20:30,603,410
21:20:31,577,382
21:20:32,553,363
21:20:33,563,384
21:20:34,565,400
21:20:35,533,372
21:20:36,559,389
21:20:37,559,379
21:20:38,514,376
21:20:39,530,378
21:20:40,518,366
21:20:41,532,371
21:20:42,545,374
21:20:43,546,389
21:20:44,563,375
21:20:45,526,365
21:20:46,533,370
21:20:47,504,380
21:20:48,572,395
21:20:49,516,349
21:20:50,567,413
21:20:51,541,379
21:20:52,546,366
21:20:53,560,372
21:20:54,552,390
21:20:55,547,378
21:20:56,526,364
21:20:57,554,387
21:20:58,556,396
21:20:59,573,396
21:21:00,574,396
21:21:01,531,366
21:21:02,592,407
21:21:03,534,377
21:21:04,560,370
21:21:05,560,370
21:21:06,605,391
21:21:07,513,352
21:21:08,544,377
21:21:09,561,385
21:21:10,569,378
21:21:11,538,365
21:21:12,554,380
21:21:13,545,365
21:21:14,555,378
21:21:15,589,407
21:21:16,558,374
21:21:17,623,413
21:21:18,576,377
21:21:19,559,394
21:21:20,529,362
21:21:21,521,378
21:21:22,578,386
21:21:23,559,389
21:21:24,562,380
21:21:25,573,404
21:21:26,533,362
21:21:27,554,376
21:21:28,589,377
21:21:29,553,372
21:21:30,554,389
21:21:31,559,385
21:21:32,555,379
21:21:33,524,360
21:21:34,561,382
21:21:35,567,381
21:21:36,533,370
21:21:37,526,362
21:21:38,590,392
21:21:39,585,396
21:21:40,595,401
21:21:41,603,389
21:21:42,578,399
21:21:43,568,402
21:21:44,558,395
21:21:45,580,397
21:21:46,586,384
21:21:47,599,390
21:21:48,629,387
21:21:49,594,396
21:21:50,585,415
21:21:51,633,440
21:21:52,594,412
21:21:53,606,408
21:21:54,581,389
21:21:55,701,439
21:21:56,626,400
21:21:57,616,401
21:21:58,614,408
21:21:59,619,402
21:22:00,587,392
21:22:01,526,370
21:22:02,654,425
21:22:03,575,403
21:22:04,539,384
21:22:05,541,376
21:22:06,593,408
21:22:07,602,412
21:22:08,540,371
21:22:09,585,392
21:22:10,557,390
21:22:11,574,399
21:22:12,625,408
21:22:13,591,397
21:22:14,584,407
21:22:15,569,397
21:22:16,574,410
21:22:17,614,426
21:22:18,516,383
21:22:19,626,424
21:22:20,594,405
21:22:21,567,386
21:22:22,541,390
21:22:23,617,419
21:22:24,641,403
21:22:25,619,432
21:22:26,573,405
21:22:27,580,409
21:22:28,598,397
21:22:29,601,399
21:22:30,627,408
21:22:31,582,407
21:22:32,549,387
21:22:33,627,396
21:22:34,616,406
21:22:35,622,422
21:22:36,554,374
21:22:37,615,418
21:22:38,603,413
21:22:39,597,409
21:22:40,586,403
21:22:41,600,398
21:22:42,545,396
21:22:43,560,390
21:22:44,587,405
21:22:45,603,403
21:22:46,595,433
21:22:47,613,423
21:22:48,560,409
21:22:49,595,401
21:22:50,596,420
21:22:51,574,401
21:22:52,631,416
21:22:53,616,405
21:22:54,596,397
21:22:55,639,415
21:22:56,617,424
21:22:57,615,441
21:22:58,592,408
21:22:59,617,415
21:23:00,583,397
21:23:01,586,397
21:23:02,607,389
21:23:03,561,394
21:23:04,605,413
21:23:05,627,406
21:23:06,564,379
21:23:07,602,405
21:23:08,569,384
21:23:09,604,404
21:23:10,559,372
21:23:11,532,366
21:23:12,568,380
21:23:13,573,374
21:23:14,598,393
21:23:15,638,424
21:23:16,576,392
21:23:17,548,367
21:23:18,572,389
21:23:19,585,405
21:23:20,581,397
21:23:21,587,409
21:23:22,618,414
21:23:23,622,406
21:23:24,591,392
21:23:25,560,391
21:23:26,597,399
21:23:27,548,361
21:23:28,592,402
21:23:29,548,369
21:23:30,585,398
21:23:31,595,401
21:23:32,614,403
21:23:33,574,406
21:23:34,580,398
21:23:35,554,398
21:23:36,579,396
21:23:37,626,417
21:23:38,593,408
21:23:39,587,394
21:23:40,616,420
21:23:41,547,370
21:23:42,546,386
21:23:43,586,423
21:23:44,551,373
21:23:45,563,396
21:23:46,611,412
21:23:47,542,351
21:23:48,587,383
21:23:49,568,402
21:23:50,551,381
21:23:51,516,373
21:23:52,538,381
21:23:53,566,387
21:23:54,559,372
21:23:55,557,381
21:23:56,575,421
21:23:57,534,385
21:23:58,574,389
21:23:59,575,407
21:24:00,523,379
21:24:01,574,398
21:24:02,549,382
21:24:03,513,377
21:24:04,595,404
21:24:05,531,388
21:24:06,570,386
21:24:07,523,368
21:24:08,554,387
21:24:09,540,378
21:24:10,597,402
21:24:11,556,394
21:24:12,592,408
21:24:13,578,386
21:24:14,557,391
21:24:15,608,395
21:24:16,558,377
21:24:17,551,389
21:24:18,563,401
21:24:19,542,398
21:24:20,556,396
21:24:21,547,393
21:24:22,508,371
21:24:23,571,402
21:24:24,547,385
21:24:25,599,394
21:24:26,608,399
21:24:27,592,384
21:24:28,636,426
21:24:29,568,407
21:24:30,548,394
21:24:31,600,417
21:24:32,559,389
21:24:33,577,405
21:24:34,615,417
21:24:35,566,389
21:24:36,546,393
21:24:37,611,410
21:24:38,563,399
21:24:39,603,414
21:24:40,571,384
21:24:41,513,360
21:24:42,589,409
21:24:43,572,384
21:24:44,575,398
21:24:45,524,367
21:24:46,502,373
21:24:47,538,377
21:24:48,596,415
21:24:49,552,360
21:24:50,577,401
21:24:51,542,378
21:24:52,574,388
21:24:53,520,372
21:24:54,538,388
21:24:55,532,365
21:24:56,556,388
21:24:57,506,374
21:24:58,516,366
21:24:59,515,373
21:25:00,561,384
21:25:01,543,379
21:25:02,537,400
21:25:03,598,422
21:25:04,602,422
21:25:05,582,411
21:25:06,540,374
21:25:07,592,407
21:25:08,560,405
21:25:09,579,406
21:25:10,544,389
21:25:11,545,384
21:25:12,554,403
21:25:13,545,391
21:25:14,539,388
21:25:15,570,393
21:25:16,555,383
21:25:17,592,397
21:25:18,567,393
21:25:19,565,398
21:25:20,536,371
21:25:21,540,394
21:25:22,580,406
21:25:23,567,397
21:25:24,569,401
21:25:25,594,432
21:25:26,602,407
21:25:27,579,394
21:25:28,662,434
21:25:29,579,411
21:25:30,597,414
21:25:31,576,406
21:25:32,611,421
21:25:33,674,450
21:25:34,649,438
21:25:35,662,429
21:25:36,642,428
21:25:37,632,432
21:25:38,663,434
21:25:39,663,428
21:25:40,641,415
21:25:41,645,404
21:25:42,595,409
21:25:43,579,404
21:25:44,633,431
21:25:45,573,409
21:25:46,592,386
21:25:47,581,396
21:25:48,595,418
21:25:49,597,402
21:25:50,511,362
21:25:51,560,407
21:25:52,611,412
21:25:53,588,398
21:25:54,565,396
21:25:55,593,412
21:25:56,589,392
21:25:57,592,399
21:25:58,600,400
21:25:59,565,380
21:26:00,579,395
21:26:01,566,384
21:26:02,581,416
21:26:03,572,404
21:26:04,566,383
21:26:05,602,417
21:26:06,651,422
21:26:07,612,408
21:26:08,589,394
21:26:09,625,415
21:26:10,583,399
21:26:11,598,410
21:26:12,616,417
21:26:13,627,405
21:26:14,601,414
21:26:15,646,414
21:26:16,562,380
21:26:17,584,394
21:26:18,606,404
21:26:19,568,384
21:26:20,642,435
21:26:21,576,384
21:26:22,546,391
21:26:23,568,392
21:26:24,568,391
21:26:25,572,422
21:26:26,578,388
21:26:27,560,381
21:26:28,542,395
21:26:29,529,376
21:26:30,584,374
21:26:31,535,389
21:26:32,577,423
21:26:33,596,411
21:26:34,585,390
21:26:35,555,389
21:26:36,544,376
21:26:37,588,424
21:26:38,544,380
21:26:39,577,393
21:26:40,538,386
21:26:41,623,398
21:26:42,636,431
21:26:43,534,392
21:26:44,608,423
21:26:45,561,384
21:26:46,547,387
21:26:47,639,430
21:26:48,625,414
21:26:49,668,450
21:26:50,631,424
21:26:51,586,406
21:26:52,599,400
21:26:53,602,419
21:26:54,598,425
21:26:55,581,403
21:26:56,609,409
21:26:57,601,427
21:26:58,602,399
21:26:59,563,390
21:27:00,559,408
21:27:01,565,388
21:27:02,536,374
21:27:03,590,387
21:27:04,572,398
21:27:05,569,396
21:27:06,583,392
21:27:07,574,385
21:27:08,606,392
21:27:09,621,414
21:27:10,545,358
21:27:11,608,389
21:27:12,555,376
21:27:13,545,371
21:27:14,572,399
21:27:15,567,382
21:27:16,552,399
21:27:17,574,394
21:27:18,476,344
21:27:19,554,390
21:27:20,571,382
21:27:21,564,384
21:27:22,521,370
21:27:23,538,361
21:27:24,572,398
21:27:25,536,385
21:27:26,531,388
21:27:27,529,364
21:27:28,524,376
21:27:29,550,383
21:27:30,556,360
21:27:31,592,390
21:27:32,555,374
21:27:33,525,366
21:27:34,550,375
21:27:35,510,355
21:27:36,507,363
21:27:37,549,383
21:27:38,569,398
21:27:39,526,372
21:27:40,555,362
21:27:41,569,391
21:27:42,583,394
21:27:43,553,382
21:27:44,597,396
21:27:45,527,374
21:27:46,541,392
21:27:47,551,378
21:27:48,517,362
21:27:49,576,408
21:27:50,533,380
21:27:51,579,386
21:27:52,551,382
21:27:53,559,384
21:27:54,530,366
21:27:55,538,383
21:27:56,570,396
21:27:57,535,375
21:27:58,546,373
21:27:59,550,389
21:28:00,561,384
21:28:01,535,368
21:28:02,571,399
21:28:03,516,367
21:28:04,524,379
21:28:05,594,409
21:28:06,599,396
21:28:07,631,423
21:28:08,540,374
21:28:09,578,387
21:28:10,622,431
21:28:11,569,390
21:28:12,561,366
21:28:13,558,378
21:28:14,574,411
21:28:15,598,417
21:28:16,587,417
21:28:17,571,401
21:28:18,656,427
21:28:19,541,392
21:28:20,547,389
21:28:21,574,397
21:28:22,577,402
21:28:23,593,425
21:28:24,541,379
21:28:25,541,373
21:28:26,537,370
21:28:27,579,400
21:28:28,520,376
21:28:29,523,375
21:28:30,532,376
21:28:31,523,361
21:28:32,567,398
21:28:33,552,395
21:28:34,574,421
21:28:35,539,379
21:28:36,536,384
21:28:37,563,375
21:28:38,549,393
21:28:39,517,356
21:28:40,522,367
21:28:41,610,405
21:28:42,568,392
21:28:43,572,397
21:28:44,571,389
21:28:45,599,419
21:28:46,574,403
21:28:47,585,391
21:28:48,583,400
21:28:49,588,388
21:28:50,588,412
21:28:51,531,373
21:28:52,571,391
21:28:53,522,357
21:28:54,573,402
21:28:55,595,404
21:28:56,603,406
21:28:57,565,404
21:28:58,559,389
21:28:59,541,351
21:29:00,595,394
21:29:01,539,368
21:29:02,549,391
21:29:03,479,359
21:29:04,523,370
21:29:05,573,407
21:29:06,555,389
21:29:07,533,377
21:29:08,507,364
21:29:09,545,395
21:29:10,571,389
21:29:11,598,397
21:29:12,590,388
21:29:13,604,406
21:29:14,566,390
21:29:15,639,410
21:29:16,586,403
21:29:17,542,370
21:29:18,538,374
21:29:19,573,382
21:29:20,568,401
21:29:21,549,390
21:29:22,597,401
21:29:23,551,377
21:29:24,545,378
21:29:25,576,385
21:29:26,545,377
21:29:27,552,381
21:29:28,528,372
21:29:29,523,370
21:29:30,561,389
21:29:31,553,387
21:29:32,560,388
21:29:33,575,384
21:29:34,605,416
21:29:35,552,379
21:29:36,610,406
21:29:37,583,399
21:29:38,601,388
21:29:39,583,388
21:29:40,586,385
21:29:41,578,383
21:29:42,546,368
21:29:43,612,421
21:29:44,612,405
21:29:45,578,391
21:29:46,592,409
21:29:47,595,403
21:29:48,633,418
21:29:49,610,414
21:29:50,557,384
21:29:51,575,389
21:29:52,581,384
21:29:53,582,410
21:29:54,555,384
21:29:55,569,410
21:29:56,548,379
21:29:57,605,387
21:29:58,539,371
21:29:59,598,397
21:30:00,532,376
21:30:01,577,400
21:30:02,569,404
21:30:03,563,399
21:30:04,520,368
21:30:05,552,393
21:30:06,524,381
21:30:07,635,409
21:30:08,600,401
21:30:09,588,384
21:30:10,568,397
21:30:11,598,400
21:30:12,571,388
21:30:13,571,385
21:30:14,601,403
21:30:15,588,405
21:30:16,559,384
21:30:17,614,423
21:30:18,660,406
21:30:19,571,391
21:30:20,571,411
21:30:21,556,381
21:30:22,571,392
21:30:23,569,391
21:30:24,527,378
21:30:25,505,368
21:30:26,500,377
21:30:27,555,385
21:30:28,539,370
21:30:29,594,403
21:30:30,570,376
21:30:31,556,388
21:30:32,588,400
21:30:33,587,373
21:30:34,581,398
21:30:35,545,372
21:30:36,559,385
21:30:37,567,394
21:30:38,557,384
21:30:39,537,402
21:30:40,570,378
21:30:41,575,403
21:30:42,598,405
21:30:43,511,365
21:30:44,588,381
21:30:45,614,409
21:30:46,599,399
21:30:47,527,354
21:30:48,601,401
21:30:49,550,388
21:30:50,551,394
21:30:51,531,372
21:30:52,509,368
21:30:53,542,379
21:30:54,562,397
21:30:55,580,400
21:30:56,605,391
21:30:57,549,382
21:30:58,568,369
21:30:59,530,352
21:31:00,584,390
21:31:01,567,371
21:31:02,592,376
21:31:03,610,399
21:31:04,533,375
21:31:05,533,372
21:31:06,558,380
21:31:07,532,370
21:31:08,576,389
21:31:09,548,397
21:31:10,613,407
21:31:11,569,386
21:31:12,584,389
21:31:13,587,389
21:31:14,557,385
21:31:15,554,393
21:31:16,575,378
21:31:17,556,379
21:31:18,573,397
21:31:19,558,378
21:31:20,574,384
21:31:21,486,346
21:31:22,504,352
21:31:23,568,383
21:31:24,502,361
21:31:25,522,366
21:31:26,603,406
21:31:27,570,373
21:31:28,631,394
21:31:29,572,388
21:31:30,582,400
21:31:31,570,383
21:31:32,596,394
21:31:33,610,386
21:31:34,556,377
21:31:35,604,423
21:31:36,615,417
21:31:37,638,409
21:31:38,582,402
21:31:39,570,397
21:31:40,528,397
21:31:41,561,386
21:31:42,553,380
21:31:43,538,372
21:31:44,562,402
21:31:45,547,365
21:31:46,526,350
21:31:47,553,374
21:31:48,568,402
21:31:49,530,363
21:31:50,538,376
21:31:51,553,375
21:31:52,567,392
21:31:53,521,350
21:31:54,497,371
21:31:55,550,364
21:31:56,529,359
21:31:57,498,350
21:31:58,529,361
21:31:59,524,352
21:32:00,520,360
21:32:01,558,376
21:32:02,507,361
21:32:03,514,373
21:32:04,532,379
21:32:05,553,373
21:32:06,490,353
21:32:07,555,372
21:32:08,562,381
21:32:09,602,392
21:32:10,537,386
21:32:11,606,408
21:32:12,527,358
21:32:13,560,397
21:32:14,521,357
21:32:15,540,385
21:32:16,526,373
21:32:17,597,401
21:32:18,522,373
21:32:19,528,370
21:32:20,568,395
21:32:21,567,386
21:32:22,530,383
21:32:23,509,368
21:32:24,579,405
21:32:25,531,374
21:32:26,568,390
21:32:27,506,352
21:32:28,526,381
21:32:29,493,343
21:32:30,540,370
21:32:31,551,372
21:32:32,548,372
21:32:33,610,403
21:32:34,559,373
21:32:35,585,371
21:32:36,580,375
21:32:37,548,352
21:32:38,564,381
21:32:39,532,377
21:32:40,501,364
21:32:41,552,388
21:32:42,519,372
21:32:43,516,361
21:32:44,541,375
21:32:45,488,354
21:32:46,490,362
21:32:47,509,375
21:32:48,526,391
21:32:49,530,367
21:32:50,512,370
21:32:51,542,367
21:32:52,519,364
21:32:53,533,355
21:32:54,518,372
21:32:55,558,374
21:32:56,517,365
21:32:57,536,359
21:32:58,517,352
21:32:59,572,391
21:33:00,565,396
21:33:01,602,402
21:33:02,525,361
21:33:03,571,396
21:33:04,611,396
21:33:05,548,368
21:33:06,570,400
21:33:07,517,367
21:33:08,498,366
21:33:09,559,389
21:33:10,516,371
21:33:11,485,345
21:33:12,536,374
21:33:13,543,367
21:33:14,583,384
21:33:15,594,404
21:33:16,596,389
21:33:17,586,391
21:33:18,626,414
21:33:19,540,372
21:33:20,575,411
21:33:21,537,371
21:33:22,557,395
21:33:23,524,364
21:33:24,531,378
21:33:25,565,390
21:33:26,518,357
21:33:27,543,384
21:33:28,568,396
21:33:29,560,381
21:33:30,569,376
21:33:31,554,382
21:33:32,561,380
21:33:33,597,395
21:33:34,588,393
21:33:35,607,394
21:33:36,588,403
21:33:37,545,381
21:33:38,608,403
21:33:39,583,398
21:33:40,569,387
21:33:41,575,372
21:33:42,571,380
21:33:43,566,391
21:33:44,542,376
21:33:45,563,382
21:33:46,566,372
21:33:47,521,359
21:33:48,572,366
21:33:49,560,365
21:33:50,520,376
21:33:51,555,392
21:33:52,520,368
21:33:53,571,398
21:33:54,554,391
21:33:55,588,401
21:33:56,573,379
21:33:57,626,419
21:33:58,615,401
21:33:59,563,391
21:34:00,562,377
21:34:01,587,390
21:34:02,625,420
21:34:03,618,409
21:34:04,590,379
21:34:05,588,391
21:34:06,563,390
21:34:07,595,412
21:34:08,578,390
21:34:09,577,385
21:34:10,667,418
21:34:11,556,383
21:34:12,576,399
21:34:13,588,397
21:34:14,557,385
21:34:15,553,378
21:34:16,559,397
21:34:17,577,400
21:34:18,516,376
21:34:19,503,356
21:34:20,532,379
21:34:21,538,378
21:34:22,527,383
21:34:23,551,378
21:34:24,536,395
21:34:25,519,361
21:34:26,577,389
21:34:27,568,417
21:34:28,519,369
21:34:29,547,382
21:34:30,592,411
21:34:31,502,351
21:34:32,551,380
21:34:33,557,391
21:34:34,559,408
21:34:35,549,379
21:34:36,504,345
21:34:37,572,399
21:34:38,545,377
21:34:39,529,371
21:34:40,524,373
21:34:41,546,373
21:34:42,588,385
21:34:43,541,393
21:34:44,539,385
21:34:45,556,387
21:34:46,554,381
21:34:47,557,379
21:34:48,565,392
21:34:49,531,364
21:34:50,576,412
21:34:51,590,403
21:34:52,603,403
21:34:53,533,385
21:34:54,560,390
21:34:55,553,369
21:34:56,557,417
21:34:57,572,384
21:34:58,580,381
21:34:59,585,410
21:35:00,580,404
21:35:01,551,391
21:35:02,561,383
21:35:03,570,385
21:35:04,552,370
21:35:05,591,394
21:35:06,552,382
21:35:07,579,388
21:35:08,565,419
21:35:09,587,385
21:35:10,560,399
21:35:11,598,409
21:35:12,563,398
21:35:13,564,388
21:35:14,608,413
21:35:15,579,398
21:35:16,581,391
21:35:17,537,392
21:35:18,573,396
21:35:19,536,367
21:35:20,499,356
21:35:21,536,363
21:35:22,526,361
21:35:23,537,385
21:35:24,561,404
21:35:25,545,395
21:35:26,525,369
21:35:27,574,390
21:35:28,542,372
21:35:29,551,381
21:35:30,571,383
21:35:31,553,376
21:35:32,562,390
21:35:33,557,394
21:35:34,564,385
21:35:35,503,342
21:35:36,502,358
21:35:37,535,377
21:35:38,548,396
21:35:39,513,363
21:35:40,528,363
21:35:41,544,390
21:35:42,538,370
21:35:43,571,394
21:35:44,522,378
21:35:45,527,382
21:35:46,552,382
21:35:47,543,366
21:35:48,587,402
21:35:49,540,358
21:35:50,567,387
21:35:51,512,373
21:35:52,526,367
21:35:53,557,387
21:35:54,566,375
21:35:55,482,346
21:35:56,591,397
21:35:57,537,376
21:35:58,530,371
21:35:59,549,383
21:36:00,555,387
21:36:01,566,383
21:36:02,583,407
21:36:03,571,377
21:36:04,564,379
21:36:05,587,381
21:36:06,511,357
21:36:07,566,375
21:36:08,616,417
21:36:09,594,405
21:36:10,625,418
21:36:11,550,385
21:36:12,563,391
21:36:13,539,371
21:36:14,646,439
21:36:15,556,390
21:36:16,577,389
21:36:17,575,403
21:36:18,544,378
21:36:19,537,381
21:36:20,550,376
21:36:21,548,390
21:36:22,567,407
21:36:23,579,396
21:36:24,525,372
21:36:25,550,360
21:36:26,573,397
21:36:27,566,405
21:36:28,578,393
21:36:29,579,388
21:36:30,578,387
21:36:31,599,395
21:36:32,580,399
21:36:33,573,387
21:36:34,610,421
21:36:35,595,391
21:36:36,606,397
21:36:37,607,407
21:36:38,583,403
21:36:39,606,402
21:36:40,608,408
21:36:41,581,408
21:36:42,552,382
21:36:43,591,399
21:36:44,553,381
21:36:45,530,373
21:36:46,559,385
21:36:47,598,409
21:36:48,525,374
21:36:49,554,377
21:36:50,541,369
21:36:51,547,379
21:36:52,550,400
21:36:53,537,382
21:36:54,546,394
21:36:55,545,392
21:36:56,587,399
21:36:57,553,392
21:36:58,547,385
21:36:59,538,372
21:37:00,498,346
21:37:01,527,364
21:37:02,495,344
21:37:03,577,395
21:37:04,532,369
21:37:05,551,363
21:37:06,584,390
