REQUEST,,reque,1677835546640,1677835547273,OK, ,633,100.0,1,1
REQUEST,,reque,1677835547609,1677835548018,OK, ,409,100.0,2,2
REQUEST,,reque,1677835548609,1677835549289,OK, ,680,100.0,3,3
REQUEST,,reque,1677835549609,1677835550213,OK, ,604,100.0,4,4
REQUEST,,reque,1677835550609,1677835550977,OK, ,368,100.0,5,5
REQUEST,,reque,1677835551609,1677835551920,OK, ,311,100.0,6,6
REQUEST,,reque,1677835552609,1677835552921,OK, ,312,100.0,7,7
REQUEST,,reque,1677835553108,1677835553597,OK, ,489,100.0,8,8
REQUEST,,reque,1677835553608,1677835553875,OK, ,267,100.0,9,9
REQUEST,,reque,1677835554108,1677835554779,OK, ,671,100.0,10,10
REQUEST,,reque,1677835554608,1677835554963,OK, ,355,100.0,11,11
REQUEST,,reque,1677835555108,1677835555716,OK, ,608,100.0,12,12
REQUEST,,reque,1677835555608,1677835556297,OK, ,689,100.0,13,13
REQUEST,,reque,1677835556108,1677835556590,OK, ,482,100.0,14,14
REQUEST,,reque,1677835556608,1677835557334,OK, ,726,100.0,15,15
REQUEST,,reque,1677835557108,1677835557431,OK, ,323,100.0,16,16
REQUEST,,reque,1677835557608,1677835558165,OK, ,557,100.0,17,17
REQUEST,,reque,1677835558108,1677835558658,OK, ,550,100.0,18,18
REQUEST,,reque,1677835558608,1677835558867,OK, ,259,100.0,19,19
REQUEST,,reque,1677835558941,1677835559415,OK, ,474,100.0,20,20
REQUEST,,reque,1677835559274,1677835559569,OK, ,295,100.0,21,21
REQUEST,,reque,1677835559608,1677835560293,OK, ,685,100.0,22,22
REQUEST,,reque,1677835560274,1677835560586,OK, ,312,100.0,23,23
REQUEST,,reque,1677835559941,1677835560612,OK, ,671,100.0,24,24
REQUEST,,reque,1677835560608,1677835561277,OK, ,669,100.0,25,25
REQUEST,,reque,1677835560941,1677835561357,OK, ,416,100.0,26,26
REQUEST,,reque,1677835561274,1677835561865,OK, ,591,100.0,27,27
REQUEST,,reque,1677835561608,1677835562095,OK, ,487,100.0,28,28
REQUEST,,reque,1677835561941,1677835562430,OK, ,489,100.0,29,29
REQUEST,,reque,1677835562274,1677835562610,OK, ,336,100.0,30,30
REQUEST,,reque,1677835562608,1677835563247,OK, ,639,100.0,31,31
REQUEST,,reque,1677835562941,1677835563260,OK, ,319,100.0,32,32
REQUEST,,reque,1677835563274,1677835563902,OK, ,628,100.0,33,33
REQUEST,,reque,1677835563608,1677835564063,OK, ,455,100.0,34,34
REQUEST,,reque,1677835563941,1677835564467,OK, ,526,100.0,35,35
REQUEST,,reque,1677835564274,1677835564639,OK, ,365,100.0,36,36
REQUEST,,reque,1677835564608,1677835565079,OK, ,471,100.0,37,37
REQUEST,,reque,1677835564859,1677835565304,OK, ,445,100.0,38,38
REQUEST,,reque,1677835565108,1677835565514,OK, ,406,100.0,39,39
REQUEST,,reque,1677835565359,1677835565848,OK, ,489,100.0,40,40
REQUEST,,reque,1677835565610,1677835566224,OK, ,614,100.0,41,41
REQUEST,,reque,1677835565858,1677835566377,OK, ,519,100.0,42,42
REQUEST,,reque,1677835566108,1677835566597,OK, ,489,100.0,43,43
REQUEST,,reque,1677835566358,1677835566818,OK, ,460,100.0,44,44
REQUEST,,reque,1677835566608,1677835566882,OK, ,274,100.0,45,45
REQUEST,,reque,1677835566858,1677835567155,OK, ,297,100.0,46,46
REQUEST,,reque,1677835567108,1677835567503,OK, ,395,100.0,47,47
REQUEST,,reque,1677835567358,1677835567663,OK, ,305,100.0,48,48
REQUEST,,reque,1677835567857,1677835568090,OK, ,233,100.0,49,49
REQUEST,,reque,1677835567609,1677835568202,OK, ,593,100.0,50,50
REQUEST,,reque,1677835568358,1677835568609,OK, ,251,100.0,51,51
REQUEST,,reque,1677835568107,1677835568740,OK, ,633,100.0,52,52
REQUEST,,reque,1677835568608,1677835568892,OK, ,284,100.0,53,53
REQUEST,,reque,1677835568858,1677835569217,OK, ,359,100.0,54,54
REQUEST,,reque,1677835569108,1677835569580,OK, ,472,100.0,55,55
REQUEST,,reque,1677835569358,1677835569641,OK, ,283,100.0,56,56
REQUEST,,reque,1677835569609,1677835570309,OK, ,700,100.0,57,57
REQUEST,,reque,1677835569858,1677835570382,OK, ,524,100.0,58,58
REQUEST,,reque,1677835570108,1677835570597,OK, ,489,100.0,59,59
REQUEST,,reque,1677835570358,1677835570759,OK, ,401,100.0,60,60
REQUEST,,reque,1677835570608,1677835571221,OK, ,613,100.0,61,61
REQUEST,,reque,1677835571008,1677835571308,OK, ,300,100.0,62,62
REQUEST,,reque,1677835570808,1677835571377,OK, ,569,100.0,63,63
REQUEST,,reque,1677835571408,1677835571694,OK, ,286,100.0,64,64
REQUEST,,reque,1677835571208,1677835571707,OK, ,499,100.0,65,65
REQUEST,,reque,1677835571608,1677835572013,OK, ,405,100.0,66,66
REQUEST,,reque,1677835572209,1677835572479,OK, ,270,100.0,67,67
REQUEST,,reque,1677835571808,1677835572496,OK, ,688,100.0,68,68
REQUEST,,reque,1677835572009,1677835572520,OK, ,511,100.0,69,69
REQUEST,,reque,1677835572409,1677835572669,OK, ,260,100.0,70,70
REQUEST,,reque,1677835572809,1677835573069,OK, ,260,100.0,71,71
REQUEST,,reque,1677835572609,1677835573291,OK, ,682,100.0,72,72
REQUEST,,reque,1677835573208,1677835573542,OK, ,334,100.0,73,73
REQUEST,,reque,1677835573008,1677835573655,OK, ,647,100.0,74,74
REQUEST,,reque,1677835573408,1677835574007,OK, ,599,100.0,75,75
REQUEST,,reque,1677835573808,1677835574190,OK, ,382,100.0,76,76
REQUEST,,reque,1677835573608,1677835574200,OK, ,592,100.0,77,77
REQUEST,,reque,1677835574008,1677835574307,OK, ,299,100.0,78,78
REQUEST,,reque,1677835574208,1677835574694,OK, ,486,100.0,79,79
REQUEST,,reque,1677835574609,1677835574860,OK, ,251,100.0,80,80
REQUEST,,reque,1677835574409,1677835574934,OK, ,525,100.0,81,81
REQUEST,,reque,1677835574809,1677835575307,OK, ,498,100.0,82,82
REQUEST,,reque,1677835575008,1677835575558,OK, ,550,100.0,83,83
REQUEST,,reque,1677835575208,1677835575668,OK, ,460,100.0,84,84
REQUEST,,reque,1677835575408,1677835575758,OK, ,350,100.0,85,85
REQUEST,,reque,1677835575808,1677835576036,OK, ,228,100.0,86,86
REQUEST,,reque,1677835575608,1677835576089,OK, ,481,100.0,87,87
REQUEST,,reque,1677835576008,1677835576407,OK, ,399,100.0,88,88
REQUEST,,reque,1677835576208,1677835576475,OK, ,267,100.0,89,89
REQUEST,,reque,1677835576408,1677835577052,OK, ,644,100.0,90,90
REQUEST,,reque,1677835576774,1677835577199,OK, ,425,100.0,91,91
REQUEST,,reque,1677835576609,1677835577213,OK, ,604,100.0,92,92
REQUEST,,reque,1677835577108,1677835577389,OK, ,281,100.0,93,93
REQUEST,,reque,1677835576941,1677835577398,OK, ,457,100.0,94,94
REQUEST,,reque,1677835577441,1677835577711,OK, ,270,100.0,95,95
REQUEST,,reque,1677835577275,1677835577839,OK, ,564,100.0,96,96
REQUEST,,reque,1677835577774,1677835578191,OK, ,417,100.0,97,97
REQUEST,,reque,1677835577609,1677835578259,OK, ,650,100.0,98,98
REQUEST,,reque,1677835577941,1677835578417,OK, ,476,100.0,99,99
REQUEST,,reque,1677835578441,1677835578692,OK, ,251,100.0,100,100
REQUEST,,reque,1677835578274,1677835578755,OK, ,481,100.0,101,101
REQUEST,,reque,1677835578109,1677835578760,OK, ,651,100.0,102,102
REQUEST,,reque,1677835578609,1677835578854,OK, ,245,100.0,103,103
REQUEST,,reque,1677835578941,1677835579317,OK, ,376,100.0,104,104
REQUEST,,reque,1677835578774,1677835579320,OK, ,546,100.0,105,105
REQUEST,,reque,1677835579108,1677835579450,OK, ,342,100.0,106,106
REQUEST,,reque,1677835579274,1677835579756,OK, ,482,100.0,107,107
REQUEST,,reque,1677835579441,1677835579921,OK, ,480,100.0,108,108
REQUEST,,reque,1677835579609,1677835579984,OK, ,375,100.0,109,109
REQUEST,,reque,1677835579774,1677835580379,OK, ,605,100.0,110,110
REQUEST,,reque,1677835579941,1677835580582,OK, ,641,100.0,111,111
REQUEST,,reque,1677835580275,1677835580616,OK, ,341,100.0,112,112
REQUEST,,reque,1677835580108,1677835580623,OK, ,515,100.0,113,113
REQUEST,,reque,1677835580441,1677835580675,OK, ,234,100.0,114,114
REQUEST,,reque,1677835580774,1677835581166,OK, ,392,100.0,115,115
REQUEST,,reque,1677835580609,1677835581258,OK, ,649,100.0,116,116
REQUEST,,reque,1677835580941,1677835581319,OK, ,378,100.0,117,117
REQUEST,,reque,1677835581108,1677835581666,OK, ,558,100.0,118,118
REQUEST,,reque,1677835581441,1677835581684,OK, ,243,100.0,119,119
REQUEST,,reque,1677835581274,1677835581848,OK, ,574,100.0,120,120
REQUEST,,reque,1677835581609,1677835581859,OK, ,250,100.0,121,121
REQUEST,,reque,1677835581941,1677835582377,OK, ,436,100.0,122,122
REQUEST,,reque,1677835581774,1677835582490,OK, ,716,100.0,123,123
REQUEST,,reque,1677835582108,1677835582688,OK, ,580,100.0,124,124
REQUEST,,reque,1677835582274,1677835582844,OK, ,570,100.0,125,125
REQUEST,,reque,1677835582751,1677835582995,OK, ,244,100.0,126,126
REQUEST,,reque,1677835582441,1677835583063,OK, ,622,100.0,127,127
REQUEST,,reque,1677835582608,1677835583299,OK, ,691,100.0,128,128
REQUEST,,reque,1677835582893,1677835583434,OK, ,541,100.0,129,129
REQUEST,,reque,1677835583179,1677835583629,OK, ,450,100.0,130,130
REQUEST,,reque,1677835583036,1677835583668,OK, ,632,100.0,131,131
REQUEST,,reque,1677835583323,1677835583798,OK, ,475,100.0,132,132
REQUEST,,reque,1677835583609,1677835583855,OK, ,246,100.0,133,133
REQUEST,,reque,1677835583466,1677835583867,OK, ,401,100.0,134,134
REQUEST,,reque,1677835583751,1677835584176,OK, ,425,100.0,135,135
REQUEST,,reque,1677835583893,1677835584351,OK, ,458,100.0,136,136
REQUEST,,reque,1677835584036,1677835584387,OK, ,351,100.0,137,137
REQUEST,,reque,1677835584179,1677835584592,OK, ,413,100.0,138,138
REQUEST,,reque,1677835584323,1677835584918,OK, ,595,100.0,139,139
REQUEST,,reque,1677835584750,1677835585024,OK, ,274,100.0,140,140
REQUEST,,reque,1677835584466,1677835585174,OK, ,708,100.0,141,141
REQUEST,,reque,1677835584893,1677835585273,OK, ,380,100.0,142,142
REQUEST,,reque,1677835584609,1677835585313,OK, ,704,100.0,143,143
REQUEST,,reque,1677835585179,1677835585436,OK, ,257,100.0,144,144
REQUEST,,reque,1677835585036,1677835585722,OK, ,686,100.0,145,145
REQUEST,,reque,1677835585608,1677835585921,OK, ,313,100.0,146,146
REQUEST,,reque,1677835585321,1677835585982,OK, ,661,100.0,147,147
REQUEST,,reque,1677835585465,1677835586007,OK, ,542,100.0,148,148
REQUEST,,reque,1677835585750,1677835586139,OK, ,389,100.0,149,149
REQUEST,,reque,1677835585893,1677835586288,OK, ,395,100.0,150,150
REQUEST,,reque,1677835586179,1677835586449,OK, ,270,100.0,151,151
REQUEST,,reque,1677835586036,1677835586558,OK, ,522,100.0,152,152
REQUEST,,reque,1677835586322,1677835586712,OK, ,390,100.0,153,153
REQUEST,,reque,1677835586465,1677835587176,OK, ,711,100.0,154,154
REQUEST,,reque,1677835587036,1677835587266,OK, ,230,100.0,155,155
REQUEST,,reque,1677835586608,1677835587306,OK, ,698,100.0,156,156
REQUEST,,reque,1677835586753,1677835587376,OK, ,623,100.0,157,157
REQUEST,,reque,1677835586893,1677835587564,OK, ,671,100.0,158,158
REQUEST,,reque,1677835587179,1677835587621,OK, ,442,100.0,159,159
REQUEST,,reque,1677835587322,1677835587687,OK, ,365,100.0,160,160
REQUEST,,reque,1677835587466,1677835587852,OK, ,386,100.0,161,161
REQUEST,,reque,1677835587608,1677835588126,OK, ,518,100.0,162,162
REQUEST,,reque,1677835587750,1677835588260,OK, ,510,100.0,163,163
REQUEST,,reque,1677835588036,1677835588327,OK, ,291,100.0,164,164
REQUEST,,reque,1677835587893,1677835588558,OK, ,665,100.0,165,165
REQUEST,,reque,1677835588465,1677835588732,OK, ,267,100.0,166,166
REQUEST,,reque,1677835588179,1677835588832,OK, ,653,100.0,167,167
REQUEST,,reque,1677835588322,1677835588851,OK, ,529,100.0,168,168
REQUEST,,reque,1677835588608,1677835589288,OK, ,680,100.0,169,169
REQUEST,,reque,1677835588858,1677835589368,OK, ,510,100.0,170,170
REQUEST,,reque,1677835589108,1677835589384,OK, ,276,100.0,171,171
REQUEST,,reque,1677835588733,1677835589399,OK, ,666,100.0,172,172
REQUEST,,reque,1677835588983,1677835589566,OK, ,583,100.0,173,173
REQUEST,,reque,1677835589233,1677835589833,OK, ,600,100.0,174,174
REQUEST,,reque,1677835589608,1677835589891,OK, ,283,100.0,175,175
REQUEST,,reque,1677835589483,1677835589914,OK, ,431,100.0,176,176
REQUEST,,reque,1677835589733,1677835589980,OK, ,247,100.0,177,177
REQUEST,,reque,1677835589358,1677835590081,OK, ,723,100.0,178,178
REQUEST,,reque,1677835589858,1677835590199,OK, ,341,100.0,179,179
REQUEST,,reque,1677835590108,1677835590348,OK, ,240,100.0,180,180
REQUEST,,reque,1677835589983,1677835590509,OK, ,526,100.0,181,181
REQUEST,,reque,1677835590233,1677835590570,OK, ,337,100.0,182,182
REQUEST,,reque,1677835590358,1677835590880,OK, ,522,100.0,183,183
REQUEST,,reque,1677835590483,1677835591078,OK, ,595,100.0,184,184
REQUEST,,reque,1677835590858,1677835591109,OK, ,251,100.0,185,185
REQUEST,,reque,1677835590608,1677835591113,OK, ,505,100.0,186,186
REQUEST,,reque,1677835590733,1677835591207,OK, ,474,100.0,187,187
REQUEST,,reque,1677835591108,1677835591474,OK, ,366,100.0,188,188
REQUEST,,reque,1677835590983,1677835591582,OK, ,599,100.0,189,189
REQUEST,,reque,1677835591358,1677835591755,OK, ,397,100.0,190,190
REQUEST,,reque,1677835591233,1677835591932,OK, ,699,100.0,191,191
REQUEST,,reque,1677835591483,1677835591953,OK, ,470,100.0,192,192
REQUEST,,reque,1677835591608,1677835592080,OK, ,472,100.0,193,193
REQUEST,,reque,1677835591737,1677835592201,OK, ,464,100.0,194,194
REQUEST,,reque,1677835591858,1677835592240,OK, ,382,100.0,195,195
REQUEST,,reque,1677835591983,1677835592338,OK, ,355,100.0,196,196
REQUEST,,reque,1677835592108,1677835592366,OK, ,258,100.0,197,197
REQUEST,,reque,1677835592359,1677835592601,OK, ,242,100.0,198,198
REQUEST,,reque,1677835592233,1677835592856,OK, ,623,100.0,199,199
REQUEST,,reque,1677835592608,1677835593026,OK, ,418,100.0,200,200
REQUEST,,reque,1677835592483,1677835593166,OK, ,683,100.0,201,201
REQUEST,,reque,1677835592983,1677835593235,OK, ,252,100.0,202,202
REQUEST,,reque,1677835592733,1677835593271,OK, ,538,100.0,203,203
REQUEST,,reque,1677835593233,1677835593518,OK, ,285,100.0,204,204
REQUEST,,reque,1677835592858,1677835593581,OK, ,723,100.0,205,205
REQUEST,,reque,1677835593108,1677835593741,OK, ,633,100.0,206,206
REQUEST,,reque,1677835593358,1677835593891,OK, ,533,100.0,207,207
REQUEST,,reque,1677835593609,1677835594023,OK, ,414,100.0,208,208
REQUEST,,reque,1677835593483,1677835594061,OK, ,578,100.0,209,209
REQUEST,,reque,1677835593858,1677835594104,OK, ,246,100.0,210,210
REQUEST,,reque,1677835593733,1677835594210,OK, ,477,100.0,211,211
REQUEST,,reque,1677835593983,1677835594533,OK, ,550,100.0,212,212
REQUEST,,reque,1677835594108,1677835594563,OK, ,455,100.0,213,213
REQUEST,,reque,1677835594359,1677835594798,OK, ,439,100.0,214,214
REQUEST,,reque,1677835594233,1677835594852,OK, ,619,100.0,215,215
REQUEST,,reque,1677835594484,1677835595047,OK, ,563,100.0,216,216
REQUEST,,reque,1677835594609,1677835595181,OK, ,572,100.0,217,217
REQUEST,,reque,1677835594830,1677835595196,OK, ,366,100.0,218,218
REQUEST,,reque,1677835594719,1677835595273,OK, ,554,100.0,219,219
REQUEST,,reque,1677835595052,1677835595538,OK, ,486,100.0,220,220
REQUEST,,reque,1677835595164,1677835595637,OK, ,473,100.0,221,221
REQUEST,,reque,1677835594941,1677835595659,OK, ,718,100.0,222,222
REQUEST,,reque,1677835595274,1677835595761,OK, ,487,100.0,223,223
REQUEST,,reque,1677835595496,1677835595893,OK, ,397,100.0,224,224
REQUEST,,reque,1677835595385,1677835596066,OK, ,681,100.0,225,225
REQUEST,,reque,1677835595609,1677835596072,OK, ,463,100.0,226,226
REQUEST,,reque,1677835595719,1677835596144,OK, ,425,100.0,227,227
REQUEST,,reque,1677835595941,1677835596413,OK, ,472,100.0,228,228
REQUEST,,reque,1677835596163,1677835596507,OK, ,344,100.0,229,229
REQUEST,,reque,1677835595830,1677835596523,OK, ,693,100.0,230,230
REQUEST,,reque,1677835596052,1677835596722,OK, ,670,100.0,231,231
REQUEST,,reque,1677835596274,1677835596724,OK, ,450,100.0,232,232
REQUEST,,reque,1677835596497,1677835596763,OK, ,266,100.0,233,233
REQUEST,,reque,1677835596386,1677835597047,OK, ,661,100.0,234,234
REQUEST,,reque,1677835596830,1677835597137,OK, ,307,100.0,235,235
REQUEST,,reque,1677835596608,1677835597160,OK, ,552,100.0,236,236
REQUEST,,reque,1677835596941,1677835597217,OK, ,276,100.0,237,237
REQUEST,,reque,1677835597052,1677835597380,OK, ,328,100.0,238,238
REQUEST,,reque,1677835596719,1677835597390,OK, ,671,100.0,239,239
REQUEST,,reque,1677835597163,1677835597522,OK, ,359,100.0,240,240
REQUEST,,reque,1677835597385,1677835597626,OK, ,241,100.0,241,241
REQUEST,,reque,1677835597274,1677835597787,OK, ,513,100.0,242,242
REQUEST,,reque,1677835597496,1677835597812,OK, ,316,100.0,243,243
REQUEST,,reque,1677835597718,1677835597985,OK, ,267,100.0,244,244
REQUEST,,reque,1677835597829,1677835598191,OK, ,362,100.0,245,245
REQUEST,,reque,1677835597940,1677835598276,OK, ,336,100.0,246,246
REQUEST,,reque,1677835597608,1677835598293,OK, ,685,100.0,247,247
REQUEST,,reque,1677835598052,1677835598297,OK, ,245,100.0,248,248
REQUEST,,reque,1677835598274,1677835598631,OK, ,357,100.0,249,249
REQUEST,,reque,1677835598496,1677835598841,OK, ,345,100.0,250,250
REQUEST,,reque,1677835598163,1677835598846,OK, ,683,100.0,251,251
REQUEST,,reque,1677835598385,1677835599035,OK, ,650,100.0,252,252
REQUEST,,reque,1677835598608,1677835599217,OK, ,609,100.0,253,253
REQUEST,,reque,1677835598719,1677835599267,OK, ,548,100.0,254,254
REQUEST,,reque,1677835598941,1677835599347,OK, ,406,100.0,255,255
REQUEST,,reque,1677835598830,1677835599453,OK, ,623,100.0,256,256
REQUEST,,reque,1677835599273,1677835599583,OK, ,310,100.0,257,257
REQUEST,,reque,1677835599052,1677835599597,OK, ,545,100.0,258,258
REQUEST,,reque,1677835599385,1677835599815,OK, ,430,100.0,259,259
REQUEST,,reque,1677835599163,1677835599833,OK, ,670,100.0,260,260
REQUEST,,reque,1677835599496,1677835599861,OK, ,365,100.0,261,261
REQUEST,,reque,1677835599718,1677835600069,OK, ,351,100.0,262,262
REQUEST,,reque,1677835599941,1677835600276,OK, ,335,100.0,263,263
REQUEST,,reque,1677835599608,1677835600291,OK, ,683,100.0,264,264
REQUEST,,reque,1677835599829,1677835600387,OK, ,558,100.0,265,265
REQUEST,,reque,1677835600052,1677835600632,OK, ,580,100.0,266,266
REQUEST,,reque,1677835600163,1677835600647,OK, ,484,100.0,267,267
REQUEST,,reque,1677835600274,1677835600757,OK, ,483,100.0,268,268
REQUEST,,reque,1677835600496,1677835600894,OK, ,398,100.0,269,269
REQUEST,,reque,1677835600608,1677835600916,OK, ,308,100.0,270,270
REQUEST,,reque,1677835600708,1677835601051,OK, ,343,100.0,271,271
REQUEST,,reque,1677835600385,1677835601063,OK, ,678,100.0,272,272
REQUEST,,reque,1677835601008,1677835601233,OK, ,225,100.0,273,273
REQUEST,,reque,1677835600908,1677835601247,OK, ,339,100.0,274,274
REQUEST,,reque,1677835600808,1677835601274,OK, ,466,100.0,275,275
REQUEST,,reque,1677835601108,1677835601562,OK, ,454,100.0,276,276
REQUEST,,reque,1677835601408,1677835601638,OK, ,230,100.0,277,277
REQUEST,,reque,1677835601308,1677835601672,OK, ,364,100.0,278,278
REQUEST,,reque,1677835601208,1677835601925,OK, ,717,100.0,279,279
REQUEST,,reque,1677835601708,1677835602057,OK, ,349,100.0,280,280
REQUEST,,reque,1677835601508,1677835602100,OK, ,592,100.0,281,281
REQUEST,,reque,1677835601608,1677835602320,OK, ,712,100.0,282,282
REQUEST,,reque,1677835601808,1677835602367,OK, ,559,100.0,283,283
REQUEST,,reque,1677835602108,1677835602517,OK, ,409,100.0,284,284
REQUEST,,reque,1677835601908,1677835602575,OK, ,667,100.0,285,285
REQUEST,,reque,1677835602209,1677835602593,OK, ,384,100.0,286,286
REQUEST,,reque,1677835602008,1677835602725,OK, ,717,100.0,287,287
REQUEST,,reque,1677835602308,1677835602873,OK, ,565,100.0,288,288
REQUEST,,reque,1677835602508,1677835603031,OK, ,523,100.0,289,289
REQUEST,,reque,1677835602408,1677835603073,OK, ,665,100.0,290,290
REQUEST,,reque,1677835602707,1677835603088,OK, ,381,100.0,291,291
REQUEST,,reque,1677835602608,1677835603182,OK, ,574,100.0,292,292
REQUEST,,reque,1677835602807,1677835603365,OK, ,558,100.0,293,293
REQUEST,,reque,1677835602908,1677835603473,OK, ,565,100.0,294,294
REQUEST,,reque,1677835603107,1677835603529,OK, ,422,100.0,295,295
REQUEST,,reque,1677835603007,1677835603581,OK, ,574,100.0,296,296
REQUEST,,reque,1677835603307,1677835603624,OK, ,317,100.0,297,297
REQUEST,,reque,1677835603207,1677835603729,OK, ,522,100.0,298,298
REQUEST,,reque,1677835603407,1677835603874,OK, ,467,100.0,299,299
REQUEST,,reque,1677835603507,1677835603950,OK, ,443,100.0,300,300
REQUEST,,reque,1677835603707,1677835604001,OK, ,294,100.0,301,301
REQUEST,,reque,1677835603807,1677835604253,OK, ,446,100.0,302,302
REQUEST,,reque,1677835603608,1677835604298,OK, ,690,100.0,303,303
REQUEST,,reque,1677835604007,1677835604301,OK, ,294,100.0,304,304
REQUEST,,reque,1677835603907,1677835604479,OK, ,572,100.0,305,305
REQUEST,,reque,1677835604107,1677835604691,OK, ,584,100.0,306,306
REQUEST,,reque,1677835604508,1677835604787,OK, ,279,100.0,307,307
REQUEST,,reque,1677835604307,1677835604820,OK, ,513,100.0,308,308
REQUEST,,reque,1677835604208,1677835604832,OK, ,624,100.0,309,309
REQUEST,,reque,1677835604608,1677835604867,OK, ,259,100.0,310,310
REQUEST,,reque,1677835604408,1677835605103,OK, ,695,100.0,311,311
REQUEST,,reque,1677835604807,1677835605285,OK, ,478,100.0,312,312
REQUEST,,reque,1677835605007,1677835605321,OK, ,314,100.0,313,313
REQUEST,,reque,1677835604907,1677835605350,OK, ,443,100.0,314,314
REQUEST,,reque,1677835604707,1677835605370,OK, ,663,100.0,315,315
REQUEST,,reque,1677835605107,1677835605526,OK, ,419,100.0,316,316
REQUEST,,reque,1677835605207,1677835605574,OK, ,367,100.0,317,317
REQUEST,,reque,1677835605307,1677835605578,OK, ,271,100.0,318,318
REQUEST,,reque,1677835605408,1677835605857,OK, ,449,100.0,319,319
REQUEST,,reque,1677835605508,1677835605862,OK, ,354,100.0,320,320
REQUEST,,reque,1677835605808,1677835606203,OK, ,395,100.0,321,321
REQUEST,,reque,1677835605708,1677835606316,OK, ,608,100.0,322,322
REQUEST,,reque,1677835605608,1677835606327,OK, ,719,100.0,323,323
REQUEST,,reque,1677835605908,1677835606428,OK, ,520,100.0,324,324
REQUEST,,reque,1677835606008,1677835606441,OK, ,433,100.0,325,325
REQUEST,,reque,1677835606108,1677835606560,OK, ,452,100.0,326,326
REQUEST,,reque,1677835606208,1677835606757,OK, ,549,100.0,327,327
REQUEST,,reque,1677835606308,1677835606935,OK, ,627,100.0,328,328
REQUEST,,reque,1677835606609,1677835606969,OK, ,360,100.0,329,329
REQUEST,,reque,1677835606408,1677835607032,OK, ,624,100.0,330,330
REQUEST,,reque,1677835606788,1677835607033,OK, ,245,100.0,331,331
REQUEST,,reque,1677835606509,1677835607117,OK, ,608,100.0,332,332
REQUEST,,reque,1677835606879,1677835607171,OK, ,292,100.0,333,333
REQUEST,,reque,1677835606697,1677835607407,OK, ,710,100.0,334,334
REQUEST,,reque,1677835607244,1677835607531,OK, ,287,100.0,335,335
REQUEST,,reque,1677835607152,1677835607616,OK, ,464,100.0,336,336
REQUEST,,reque,1677835607062,1677835607630,OK, ,568,100.0,337,337
REQUEST,,reque,1677835607334,1677835607634,OK, ,300,100.0,338,338
REQUEST,,reque,1677835606970,1677835607646,OK, ,676,100.0,339,339
REQUEST,,reque,1677835607516,1677835607754,OK, ,238,100.0,340,340
REQUEST,,reque,1677835607425,1677835607990,OK, ,565,100.0,341,341
REQUEST,,reque,1677835607608,1677835608059,OK, ,451,100.0,342,342
REQUEST,,reque,1677835607698,1677835608231,OK, ,533,100.0,343,343
REQUEST,,reque,1677835607880,1677835608271,OK, ,391,100.0,344,344
REQUEST,,reque,1677835608062,1677835608347,OK, ,285,100.0,345,345
REQUEST,,reque,1677835607789,1677835608355,OK, ,566,100.0,346,346
REQUEST,,reque,1677835607971,1677835608440,OK, ,469,100.0,347,347
REQUEST,,reque,1677835608153,1677835608637,OK, ,484,100.0,348,348
REQUEST,,reque,1677835608335,1677835608703,OK, ,368,100.0,349,349
REQUEST,,reque,1677835608244,1677835608726,OK, ,482,100.0,350,350
REQUEST,,reque,1677835608426,1677835609000,OK, ,574,100.0,351,351
REQUEST,,reque,1677835608697,1677835609107,OK, ,410,100.0,352,352
REQUEST,,reque,1677835608879,1677835609157,OK, ,278,100.0,353,353
REQUEST,,reque,1677835608517,1677835609225,OK, ,708,100.0,354,354
REQUEST,,reque,1677835608608,1677835609303,OK, ,695,100.0,355,355
REQUEST,,reque,1677835608789,1677835609386,OK, ,597,100.0,356,356
REQUEST,,reque,1677835608971,1677835609429,OK, ,458,100.0,357,357
REQUEST,,reque,1677835609153,1677835609464,OK, ,311,100.0,358,358
REQUEST,,reque,1677835609426,1677835609671,OK, ,245,100.0,359,359
REQUEST,,reque,1677835609334,1677835609671,OK, ,337,100.0,360,360
REQUEST,,reque,1677835609061,1677835609681,OK, ,620,100.0,361,361
REQUEST,,reque,1677835609243,1677835609714,OK, ,471,100.0,362,362
REQUEST,,reque,1677835609517,1677835610119,OK, ,602,100.0,363,363
REQUEST,,reque,1677835609788,1677835610164,OK, ,376,100.0,364,364
REQUEST,,reque,1677835609697,1677835610211,OK, ,514,100.0,365,365
REQUEST,,reque,1677835609608,1677835610359,OK, ,751,100.0,366,366
REQUEST,,reque,1677835609971,1677835610527,OK, ,556,100.0,367,367
REQUEST,,reque,1677835609880,1677835610588,OK, ,708,100.0,368,368
REQUEST,,reque,1677835610062,1677835610618,OK, ,556,100.0,369,369
REQUEST,,reque,1677835610335,1677835610628,OK, ,293,100.0,370,370
REQUEST,,reque,1677835610244,1677835610639,OK, ,395,100.0,371,371
REQUEST,,reque,1677835610153,1677835610698,OK, ,545,100.0,372,372
REQUEST,,reque,1677835610517,1677835611139,OK, ,622,100.0,373,373
REQUEST,,reque,1677835610426,1677835611149,OK, ,723,100.0,374,374
REQUEST,,reque,1677835610608,1677835611188,OK, ,580,100.0,375,375
REQUEST,,reque,1677835610789,1677835611316,OK, ,527,100.0,376,376
REQUEST,,reque,1677835611062,1677835611373,OK, ,311,100.0,377,377
REQUEST,,reque,1677835610698,1677835611417,OK, ,719,100.0,378,378
REQUEST,,reque,1677835610880,1677835611418,OK, ,538,100.0,379,379
REQUEST,,reque,1677835611153,1677835611450,OK, ,297,100.0,380,380
REQUEST,,reque,1677835610971,1677835611609,,638,100.0,381,381
